timestamp,value_0,value_1,value_2
1766162789243,0.49395,0.31095,10.6039505
1766162789243,0.37395,0.37395,10.467001
1766162789243,0.264,0.43395,10.386001
1766162789243,0.20205002,0.46500003,10.324051
1766162789243,0.16605,0.49800003,10.23495
1766162789243,0.171,0.51000005,10.1629505
1766162789244,0.192,0.49800003,10.10805
1766162789247,0.27405003,0.48600003,10.06005
1766162789249,0.36495003,0.46995002,10.041
1766162789259,0.492,0.43605003,9.993
1766162789259,0.62295,0.39105,9.98805
1766162789259,0.77205,0.36195,9.993
1766162789260,0.87900007,0.32805002,9.93105
1766162789262,0.91305006,0.28800002,9.837001
1766162789264,0.81705004,0.26805001,9.732
1766162789267,0.726,0.33495003,9.655951
1766162789283,0.64005005,0.402,9.639001
1766162789283,0.59205,0.47895002,9.624001
1766162789283,0.56595004,0.549,9.604951
1766162789283,0.56595004,0.582,9.627001
1766162789283,0.56595004,0.58005005,9.670051
1766162789283,0.58305,0.60405004,9.739051
1766162789285,0.62100005,0.60405004,9.84
1766162789287,0.669,0.60105,9.94305
1766162789290,0.68100005,0.56805,10.021951
1766162789303,0.72900003,0.55095005,10.066951
1766162789303,0.78795004,0.513,10.066951
1766162789303,0.83100003,0.49605003,9.991051
1766162789303,0.82695,0.48900002,9.864
1766162789303,0.81000006,0.49800003,9.7560005
1766162789384,0.78405005,0.52695,9.62895
1766162789384,0.76395005,0.53895,9.507001
1766162789384,0.75000006,0.54405004,9.403951
1766162789384,0.72900003,0.56505,9.31095
1766162789384,0.72405005,0.58695,9.2029505
1766162789384,0.69495004,0.62805,9.14595
1766162789384,0.68100005,0.66795003,9.106951
1766162789384,0.66405004,0.67800003,9.114
1766162789384,0.633,0.675,9.12195
1766162789384,0.59895,0.68295,9.16005
1766162789384,0.57495004,0.65400004,9.213
1766162789384,0.55905,0.62295,9.249001
1766162789384,0.58005005,0.58695,9.259951
1766162789384,0.61395,0.56505,9.283951
1766162789385,0.64500004,0.53895,9.318001
1766162789385,0.68295,0.50505,9.382951
1766162789385,0.68100005,0.48405004,9.459001
1766162789385,0.67800003,0.47400004,9.568951
1766162789385,0.64995,0.441,9.639001
1766162789385,0.62595004,0.43095002,9.715051
1766162789385,0.64005005,0.40995002,9.826051
1766162789385,0.657,0.38295,9.90705
1766162789385,0.64005005,0.35205,9.96
1766162789385,0.64005005,0.34305,10.030951
1766162789385,0.609,0.32595003,10.08195
1766162789385,0.606,0.29505002,10.110001
1766162789385,0.59205,0.28500003,10.10805
1766162789385,0.58305,0.29505002,10.089001
1766162789385,0.54705,0.31095,10.12695
1766162789385,0.51105005,0.32295,10.11495
1766162789385,0.49605003,0.34995002,10.098001
1766162789385,0.49905002,0.37395,10.05105
1766162789385,0.50295,0.381,10.017
1766162789400,0.51105005,0.41400003,9.948001
1766162789400,0.56805,0.45495003,9.883051
1766162789400,0.60405004,0.49800003,9.826051
1766162789400,0.61800003,0.52005005,9.79695
1766162789400,0.65895003,0.57495004,9.75105
1766162789400,0.69495004,0.59400004,9.72
1766162789402,0.726,0.62505,9.73005
1766162789426,0.75000006,0.63495004,9.715051
1766162789426,0.75705004,0.651,9.663
1766162789426,0.79800004,0.651,9.60795
1766162789426,0.82395005,0.64005005,9.568951
1766162789426,0.83100003,0.62295,9.531
1766162789426,0.81705004,0.61305004,9.505051
1766162789426,0.77400005,0.62295,9.474
1766162789426,0.702,0.60405004,9.44205
1766162789426,0.63495004,0.59205,9.450001
1766162789427,0.55605,0.59205,9.486
1766162789429,0.46800002,0.59205,9.493051
1766162789432,0.40500003,0.582,9.53295
1766162789434,0.36195,0.558,9.58605
1766162789437,0.36900002,0.51705,9.63405
1766162789448,0.36,0.51705,9.660001
1766162789448,0.381,0.48600003,9.706051
1766162789448,0.38595003,0.46695003,9.732
1766162789448,0.38895002,0.453,9.7560005
1766162789450,0.39795002,0.42195,9.79695
1766162789455,0.41295,0.41400003,9.861
1766162789455,0.41295,0.40695003,9.89295
1766162789500,0.44595003,0.40995002,9.901951
1766162789500,0.44805002,0.41205,9.916051
1766162789500,0.42900002,0.41700003,9.93795
1766162789500,0.45105,0.43095002,9.972
1766162789500,0.46500003,0.45000002,9.972
1766162789500,0.381,0.46005002,9.97605
1766162789500,0.30495003,0.48105,9.97605
1766162789500,0.30195,0.50805,9.948001
1766162789500,0.31005,0.50805,9.916051
1766162789500,0.33405003,0.52005005,9.856951
1766162789500,0.35295,0.546,9.802051
1766162789500,0.36495003,0.57495004,9.7560005
1766162789500,0.36,0.58905005,9.72
1766162789500,0.384,0.57705003,9.706051
1766162789500,0.41505003,0.57705003,9.66705
1766162789500,0.48000002,0.57195,9.604951
1766162789500,0.52995,0.558,9.538051
1766162789500,0.56100005,0.54405004,9.52095
1766162789521,0.63495004,0.57000005,9.4810505
1766162789521,0.669,0.558,9.459001
1766162789521,0.71205,0.55305004,9.4470005
1766162789521,0.72900003,0.55305004,9.48795
1766162789521,0.74100006,0.56295,9.493051
1766162789521,0.74100006,0.52905005,9.47595
1766162789521,0.75195,0.522,9.45705
1766162789521,0.74100006,0.53895,9.438001
1766162789523,0.72900003,0.53895,9.415951
1766162789539,0.71205,0.53895,9.402
1766162789539,0.68805003,0.54405004,9.39
1766162789539,0.657,0.52905005,9.35595
1766162789539,0.642,0.53400004,9.387
1766162789539,0.62595004,0.52500004,9.394951
1766162789539,0.59400004,0.52695,9.39
1766162789539,0.58995,0.52905005,9.40695
1766162789542,0.55605,0.53205,9.415951
1766162789544,0.537,0.52500004,9.430051
1766162789547,0.51795,0.52005005,9.505051
1766162789549,0.50100005,0.53400004,9.568951
1766162789552,0.52305,0.50805,9.64395
1766162789559,0.537,0.50295,9.708
1766162789559,0.53505003,0.513,9.77505
1766162789560,0.50805,0.49800003,9.8230505
1766162789561,0.50295,0.48900002,9.856951
1766162789564,0.492,0.47895002,9.89505
1766162789567,0.48705003,0.45795003,9.909
1766162789569,0.46995002,0.43800002,9.924001
1766162789590,0.46995002,0.45000002,9.945001
1766162789590,0.47700003,0.43605003,9.94995
1766162789590,0.47205,0.42405003,9.95205
1766162789590,0.492,0.41205,9.948001
1766162789590,0.54195005,0.39795002,9.94305
1766162789590,0.56295,0.39105,9.92595
1766162789590,0.60405004,0.37095,9.889951
1766162789590,0.66195005,0.35505003,9.865951
1766162789609,0.69000006,0.33495003,9.849001
1766162789609,0.72105,0.32595003,9.81795
1766162789609,0.76395005,0.33495003,9.747001
1766162789609,0.77400005,0.35895002,9.736951
1766162789609,0.76695,0.40005,9.727051
1766162789609,0.78405005,0.43800002,9.723001
1766162789609,0.76395005,0.462,9.691051
1766162789609,0.73095006,0.51000005,9.663
1766162789612,0.702,0.53895,9.651
1766162789614,0.669,0.55305004,9.62205
1766162789616,0.65400004,0.56295,9.64095
1766162789619,0.64695,0.55995005,9.615001
1766162789644,0.62805,0.55095005,9.62205
1766162789644,0.63795,0.549,9.624001
1766162789644,0.642,0.52500004,9.627001
1766162789644,0.62595004,0.50805,9.65295
1766162789644,0.609,0.49800003,9.715051
1766162789644,0.56595004,0.47400004,9.768001
1766162789644,0.53505003,0.47205,9.864
1766162789644,0.53205,0.46995002,9.93795
1766162789644,0.51105005,0.45495003,9.979051
1766162789644,0.50100005,0.42900002,10.021951
1766162789662,0.513,0.43095002,10.065001
1766162789662,0.53505003,0.40695003,10.12005
1766162789662,0.54195005,0.402,10.12005
1766162789662,0.55605,0.41205,10.12005
1766162789662,0.59205,0.40005,10.101001
1766162789662,0.62595004,0.39795002,10.078951
1766162789662,0.62100005,0.381,10.06005
1766162789664,0.64695,0.38805002,10.048051
1766162789667,0.66405004,0.40695003,9.996
1766162789669,0.69000006,0.43095002,9.96195
1766162789683,0.71205,0.44805002,9.89295
1766162789683,0.70500004,0.47205,9.835051
1766162789683,0.72900003,0.49305,9.7560005
1766162789683,0.70695,0.52695,9.694051
1766162789683,0.68295,0.55305004,9.63195
1766162789684,0.69495004,0.57000005,9.571951
1766162789702,0.66195005,0.58005005,9.5449505
1766162789702,0.64695,0.57705003,9.52095
1766162789702,0.61605,0.55605,9.517051
1766162789702,0.59400004,0.55095005,9.486
1766162789702,0.597,0.52695,9.46395
1766162789702,0.59205,0.51000005,9.44205
1766162789702,0.606,0.52005005,9.43305
1766162789707,0.633,0.48105,9.450001
1766162789709,0.66405004,0.47700003,9.4810505
1766162789711,0.69495004,0.48600003,9.519
1766162789714,0.717,0.48900002,9.59595
1766162789717,0.702,0.46995002,9.688951
1766162789729,0.702,0.44295,9.78495
1766162789729,0.69495004,0.43800002,9.885
1766162789729,0.68295,0.44805002,9.967051
1766162789729,0.666,0.42900002,10.009951
1766162789731,0.63000005,0.40695003,10.041
1766162789732,0.61095005,0.39105,10.08195
1766162789734,0.58500004,0.381,10.11495
1766162789780,0.52995,0.35895002,10.12005
1766162789780,0.52005005,0.35505003,10.134001
1766162789780,0.48900002,0.34500003,10.156051
1766162789780,0.50100005,0.34995002,10.156051
1766162789780,0.50595003,0.34005,10.137
1766162789780,0.52995,0.32805002,10.10295
1766162789780,0.55395,0.32595003,10.07505
1766162789780,0.59400004,0.32295,10.041
1766162789780,0.657,0.30405003,10.003051
1766162789780,0.717,0.31395,9.93105
1766162789780,0.75495005,0.34695002,9.889951
1766162789780,0.78105,0.35205,9.865951
1766162789780,0.79095006,0.37605003,9.80595
1766162789780,0.80805004,0.42195,9.757951
1766162789780,0.786,0.41400003,9.744
1766162789780,0.762,0.44595003,9.708
1766162789780,0.726,0.48600003,9.663
1766162789780,0.71895003,0.50100005,9.663
1766162789801,0.69705003,0.52005005,9.670051
1766162789801,0.68505,0.53895,9.639001
1766162789801,0.669,0.53205,9.615001
1766162789801,0.66405004,0.52905005,9.547951
1766162789801,0.669,0.52005005,9.526051
1766162789801,0.65400004,0.49605003,9.50205
1766162789801,0.68805003,0.49305,9.526051
1766162789801,0.67800003,0.48105,9.52095
1766162789801,0.68100005,0.47895002,9.519
1766162789804,0.69495004,0.47895002,9.543
1766162789807,0.69495004,0.47400004,9.556951
1766162789809,0.693,0.47895002,9.556951
1766162789811,0.68100005,0.47400004,9.556951
1766162789814,0.657,0.47205,9.5449505
1766162789817,0.65400004,0.49605003,9.556951
1766162789860,0.62295,0.50505,9.58605
1766162789860,0.60195005,0.522,9.62205
1766162789860,0.597,0.513,9.658051
1766162789860,0.58695,0.52005005,9.672001
1766162789860,0.59205,0.52695,9.700951
1766162789860,0.55395,0.522,9.723001
1766162789860,0.53205,0.522,9.724951
1766162789860,0.52305,0.513,9.76305
1766162789860,0.48405004,0.50100005,9.79695
1766162789860,0.47505003,0.50505,9.81105
1766162789860,0.46005002,0.49605003,9.84
1766162789860,0.46305,0.47895002,9.847051
1766162789860,0.45795003,0.48600003,9.84195
1766162789860,0.46305,0.462,9.837001
1766162789860,0.48705003,0.44805002,9.849001
1766162789860,0.50805,0.45495003,9.849001
1766162789860,0.51795,0.453,9.876
1766162789862,0.53895,0.47400004,9.889951
1766162789879,0.55095005,0.462,9.90705
1766162789879,0.57795,0.46500003,9.901951
1766162789879,0.58695,0.48105,9.90495
1766162789879,0.573,0.49095002,9.877951
1766162789879,0.58995,0.47700003,9.847051
1766162789879,0.58305,0.48405004,9.82995
1766162789879,0.56805,0.48105,9.78705
1766162789881,0.54405004,0.50805,9.744
1766162789884,0.52695,0.49305,9.703051
1766162789902,0.52500004,0.49305,9.66705
1766162789902,0.49905002,0.50295,9.658051
1766162789902,0.51795,0.49800003,9.63195
1766162789902,0.51495004,0.50505,9.61695
1766162789902,0.52995,0.50100005,9.62895
1766162789902,0.55395,0.49800003,9.651
1766162789902,0.58005005,0.49605003,9.687
1766162789904,0.60195005,0.48105,9.724951
1766162789906,0.64005005,0.46005002,9.75105
1766162789909,0.666,0.44295,9.769951
1766162789911,0.68805003,0.42405003,9.780001
1766162789914,0.70005006,0.41400003,9.79905
1766162789916,0.70695,0.41400003,9.7900505
1766162789959,0.69495004,0.41895002,9.78705
1766162789959,0.67605,0.41400003,9.792001
1766162789959,0.62595004,0.43095002,9.780001
1766162789959,0.58995,0.45495003,9.79695
1766162789959,0.57495004,0.46005002,9.78705
1766162789959,0.57105005,0.45000002,9.81105
1766162789959,0.56100005,0.45000002,9.826051
1766162789959,0.56100005,0.462,9.80595
1766162789959,0.56100005,0.47700003,9.81795
1766162789959,0.56295,0.46500003,9.802051
1766162789959,0.573,0.48600003,9.79395
1766162789959,0.56805,0.48405004,9.802051
1766162789959,0.58305,0.48405004,9.769951
1766162789959,0.57795,0.49095002,9.739051
1766162789959,0.59400004,0.49305,9.706051
1766162789959,0.606,0.50100005,9.658051
1766162789959,0.61605,0.53205,9.61695
1766162789982,0.60405004,0.54405004,9.61005
1766162789982,0.56805,0.58695,9.574051
1766162789982,0.55395,0.60105,9.604951
1766162789982,0.52305,0.61305004,9.592951
1766162789982,0.50100005,0.60105,9.591001
1766162789982,0.48705003,0.59400004,9.59595
1766162789982,0.48195,0.57495004,9.568951
1766162789982,0.48900002,0.56505,9.56505
1766162789982,0.453,0.53400004,9.567
1766162789984,0.441,0.51705,9.592951
1766162790005,0.42000002,0.51000005,9.636001
1766162790005,0.41505003,0.48405004,9.675
1766162790005,0.41700003,0.46005002,9.724951
1766162790005,0.432,0.45000002,9.74205
1766162790005,0.47205,0.44295,9.76605
1766162790005,0.50100005,0.43800002,9.74205
1766162790005,0.54195005,0.45495003,9.77295
1766162790005,0.54705,0.453,9.79695
1766162790006,0.58005005,0.453,9.8539505
1766162790009,0.60195005,0.46695003,9.877951
1766162790011,0.62805,0.47400004,9.91905
1766162790013,0.64500004,0.49800003,9.95205
1766162790016,0.67305005,0.48405004,9.948001
1766162790028,0.69495004,0.47895002,9.912001
1766162790028,0.72900003,0.46995002,9.864
1766162790028,0.76005006,0.462,9.81795
1766162790028,0.78105,0.46695003,9.769951
1766162790032,0.786,0.45495003,9.724951
1766162790032,0.77895004,0.47400004,9.688951
1766162790096,0.76005006,0.47700003,9.64395
1766162790096,0.73095006,0.51000005,9.64605
1766162790096,0.69495004,0.50295,9.651
1766162790096,0.67095006,0.50295,9.658051
1766162790096,0.64695,0.50100005,9.65295
1766162790096,0.609,0.48900002,9.675
1766162790096,0.58500004,0.49305,9.67905
1766162790096,0.58695,0.48105,9.696
1766162790096,0.58995,0.43800002,9.706051
1766162790096,0.56805,0.42900002,9.708
1766162790096,0.55395,0.40695003,9.688951
1766162790096,0.52695,0.40005,9.684
1766162790096,0.49905002,0.41700003,9.67695
1766162790096,0.47205,0.37605003,9.660001
1766162790096,0.46500003,0.36405003,9.62895
1766162790096,0.46305,0.36900002,9.624001
1766162790096,0.46500003,0.381,9.615001
1766162790096,0.453,0.37095,9.603001
1766162790096,0.46995002,0.393,9.58605
1766162790096,0.46005002,0.393,9.59595
1766162790096,0.47505003,0.39495003,9.591001
1766162790096,0.48705003,0.41895002,9.61695
1766162790096,0.48900002,0.43800002,9.639001
1766162790096,0.51105005,0.43605003,9.639001
1766162790096,0.51795,0.462,9.66705
1766162790096,0.549,0.46695003,9.706051
1766162790121,0.57495004,0.46005002,9.75105
1766162790121,0.58005005,0.48405004,9.802051
1766162790121,0.59400004,0.462,9.861
1766162790121,0.61605,0.453,9.9210005
1766162790121,0.61395,0.441,9.981001
1766162790121,0.62100005,0.43395,10.06305
1766162790121,0.609,0.41205,10.10595
1766162790121,0.61605,0.41400003,10.113001
1766162790121,0.62295,0.39105,10.110001
1766162790121,0.63000005,0.36705002,10.11495
1766162790124,0.64995,0.34995002,10.098001
1766162790126,0.68100005,0.333,10.078951
1766162790129,0.71400005,0.31905,10.07505
1766162790131,0.73605,0.34500003,10.042951
1766162790143,0.76005006,0.34995002,10.021951
1766162790143,0.79605,0.37395,10.009951
1766162790143,0.79605,0.40005,9.96405
1766162790143,0.79095006,0.42405003,9.900001
1766162790144,0.75705004,0.46695003,9.832951
1766162790146,0.71205,0.49095002,9.74895
1766162790149,0.67305005,0.48105,9.703051
1766162790165,0.63795,0.51705,9.63195
1766162790165,0.58695,0.522,9.567
1766162790165,0.53895,0.513,9.5449505
1766162790165,0.48195,0.51000005,9.55305
1766162790165,0.48000002,0.49605003,9.59595
1766162790165,0.47700003,0.47700003,9.580951
1766162790187,0.49905002,0.45795003,9.59805
1766162790187,0.53505003,0.42195,9.61005
1766162790187,0.55395,0.41700003,9.612
1766162790187,0.58305,0.40695003,9.63195
1766162790187,0.59400004,0.43095002,9.66705
1766162790187,0.58695,0.41205,9.700951
1766162790187,0.597,0.41205,9.75105
1766162790187,0.59895,0.453,9.79905
1766162790187,0.59400004,0.441,9.80895
1766162790188,0.60405004,0.46500003,9.844951
1766162790191,0.606,0.46695003,9.877951
1766162790193,0.63000005,0.48105,9.856951
1766162790196,0.64005005,0.46695003,9.880951
1766162790199,0.657,0.47205,9.877951
1766162790208,0.67095006,0.45495003,9.84195
1766162790208,0.67605,0.44805002,9.80595
1766162790208,0.68505,0.44805002,9.77505
1766162790210,0.69705003,0.41895002,9.732
1766162790211,0.67605,0.43095002,9.73005
1766162790213,0.67605,0.43800002,9.715051
1766162790237,0.67800003,0.44805002,9.670051
1766162790237,0.67605,0.47700003,9.66495
1766162790237,0.67800003,0.46005002,9.648001
1766162790237,0.68295,0.49305,9.612
1766162790237,0.67095006,0.50505,9.591001
1766162790237,0.657,0.52500004,9.562051
1766162790237,0.657,0.51705,9.556951
1766162790237,0.657,0.53205,9.556951
1766162790237,0.70500004,0.549,9.550051
1766162790239,0.717,0.52695,9.538051
1766162790241,0.74505,0.52695,9.543
1766162790244,0.74805003,0.51495004,9.541051
1766162790246,0.70500004,0.51705,9.5449505
1766162790260,0.66405004,0.50505,9.591001
1766162790261,0.60195005,0.48600003,9.639001
1766162790261,0.53505003,0.47700003,9.67695
1766162790261,0.45795003,0.462,9.67905
1766162790261,0.40995002,0.44805002,9.711
1766162790263,0.35700002,0.42405003,9.703051
1766162790264,0.36900002,0.43095002,9.706051
1766162790285,0.372,0.40995002,9.700951
1766162790285,0.393,0.40005,9.703051
1766162790285,0.40500003,0.41205,9.71805
1766162790285,0.45105,0.39495003,9.75405
1766162790285,0.47700003,0.40005,9.79905
1766162790285,0.51105005,0.38805002,9.802051
1766162790285,0.50805,0.38805002,9.81795
1766162790285,0.54195005,0.39495003,9.844951
1766162790306,0.56595004,0.41400003,9.852
1766162790306,0.55395,0.43095002,9.876
1766162790306,0.53205,0.40695003,9.89295
1766162790306,0.549,0.41895002,9.9210005
1766162790306,0.59400004,0.42600003,9.933001
1766162790306,0.60405004,0.40995002,9.948001
1766162790306,0.606,0.40005,9.95505
1766162790306,0.64995,0.41205,9.936001
1766162790306,0.68295,0.39495003,9.94305
1766162790328,0.702,0.40695003,9.89505
1766162790328,0.74100006,0.41895002,9.864
1766162790328,0.77205,0.42405003,9.826051
1766162790328,0.79800004,0.45795003,9.769951
1766162790328,0.79305005,0.45000002,9.757951
1766162790328,0.77205,0.48105,9.735001
1766162790328,0.74805003,0.50295,9.744
1766162790328,0.70905006,0.52695,9.715051
1766162790330,0.69000006,0.52905005,9.703051
1766162790331,0.657,0.50805,9.684
1766162790353,0.64695,0.513,9.66495
1766162790354,0.61800003,0.522,9.627001
1766162790354,0.61605,0.50295,9.624001
1766162790354,0.609,0.47400004,9.627001
1766162790354,0.61395,0.48105,9.62895
1766162790354,0.62100005,0.47400004,9.65295
1766162790354,0.64005005,0.47895002,9.696
1766162790354,0.62805,0.453,9.747001
1766162790354,0.64695,0.43605003,9.76305
1766162790356,0.666,0.42195,9.80595
1766162790367,0.65205,0.41895002,9.859051
1766162790367,0.63495004,0.41400003,9.865951
1766162790367,0.62295,0.39495003,9.916051
1766162790367,0.58695,0.38805002,9.924001
1766162790380,0.57495004,0.38805002,9.936001
1766162790380,0.58005005,0.37095,9.90705
1766162790380,0.597,0.37905002,9.92805
1766162790380,0.642,0.37395,9.897
1766162790380,0.669,0.36705002,9.868951
1766162790380,0.67605,0.35700002,9.844951
1766162790406,0.68505,0.35505003,9.81105
1766162790406,0.68505,0.36405003,9.77505
1766162790406,0.67095006,0.38805002,9.747001
1766162790406,0.63000005,0.39105,9.694051
1766162790406,0.59895,0.40695003,9.675
1766162790406,0.56100005,0.42195,9.660001
1766162790406,0.52500004,0.40995002,9.63405
1766162790406,0.47700003,0.42405003,9.62895
1766162790406,0.45600003,0.42405003,9.62895
1766162790406,0.44805002,0.42195,9.66495
1766162790408,0.393,0.41400003,9.684
1766162790411,0.384,0.43095002,9.706051
1766162790413,0.381,0.42195,9.747001
1766162790439,0.40500003,0.42195,9.79905
1766162790439,0.41700003,0.40995002,9.837001
1766162790439,0.44805002,0.393,9.82995
1766162790439,0.47700003,0.36900002,9.826051
1766162790439,0.51795,0.36195,9.792001
1766162790439,0.58995,0.37905002,9.7900505
1766162790439,0.61800003,0.38805002,9.804001
1766162790439,0.64695,0.39795002,9.79695
1766162790439,0.67800003,0.40500003,9.82995
1766162790439,0.73095006,0.40695003,9.849001
1766162790440,0.76395005,0.42195,9.8539505
1766162790443,0.80295,0.41700003,9.8539505
1766162790446,0.846,0.43395,9.847051
1766162790466,0.82695,0.45000002,9.837001
1766162790466,0.83400005,0.462,9.828
1766162790466,0.82005006,0.453,9.81105
1766162790466,0.81495005,0.45795003,9.77805
1766162790466,0.77595,0.46500003,9.769951
1766162790466,0.73605,0.44805002,9.736951
1766162790466,0.70005006,0.45795003,9.708
1766162790466,0.65895003,0.43605003,9.694051
1766162790489,0.61800003,0.41205,9.66705
1766162790489,0.60405004,0.41895002,9.64095
1766162790489,0.61605,0.40005,9.615001
1766162790489,0.60405004,0.39495003,9.591001
1766162790489,0.60195005,0.39495003,9.58395
1766162790489,0.58995,0.41205,9.57705
1766162790489,0.58695,0.41700003,9.555
1766162790489,0.573,0.44595003,9.547951
1766162790489,0.56100005,0.46995002,9.574051
1766162790491,0.58995,0.48405004,9.60795
1766162790493,0.61395,0.49800003,9.62895
1766162790495,0.67605,0.51000005,9.64605
1766162790512,0.71400005,0.513,9.651
1766162790512,0.717,0.52905005,9.663
1766162790512,0.75195,0.51705,9.711
1766162790512,0.76005006,0.51495004,9.73005
1766162790512,0.74295,0.51000005,9.7560005
1766162790512,0.72105,0.49800003,9.77505
1766162790535,0.70500004,0.50295,9.84
1766162790535,0.67605,0.47700003,9.877951
1766162790535,0.65895003,0.45000002,9.91905
1766162790535,0.66195005,0.41205,9.96405
1766162790535,0.67305005,0.37905002,10.000051
1766162790535,0.693,0.37095,10.036051
1766162790535,0.702,0.34695002,10.042951
1766162790535,0.70500004,0.32805002,10.021951
1766162790535,0.70005006,0.321,10.033951
1766162790536,0.68295,0.33795002,10.021951
1766162790538,0.66195005,0.32805002,10.005
1766162790540,0.633,0.32295,9.98595
1766162790543,0.61095005,0.33495003,9.96
1766162790545,0.56295,0.34005,9.92805
1766162790555,0.53205,0.34995002,9.909
1766162790555,0.49905002,0.37605003,9.900001
1766162790555,0.48900002,0.402,9.861
1766162790555,0.47505003,0.40500003,9.80595
1766162790558,0.48405004,0.402,9.75405
1766162790561,0.52500004,0.40695003,9.67695
1766162790584,0.58005005,0.41700003,9.603001
1766162790584,0.62805,0.43095002,9.574051
1766162790584,0.66195005,0.43605003,9.562051
1766162790584,0.69000006,0.45495003,9.568951
1766162790584,0.70005006,0.48105,9.580951
1766162790584,0.657,0.48405004,9.59805
1766162790584,0.65895003,0.49305,9.58605
1766162790584,0.67800003,0.50295,9.567
1766162790584,0.66195005,0.47700003,9.574051
1766162790585,0.67305005,0.46500003,9.568951
1766162790588,0.69705003,0.453,9.58605
1766162790590,0.69495004,0.44595003,9.63195
1766162790593,0.71400005,0.43800002,9.675
1766162790595,0.73305005,0.41400003,9.715051
1766162790607,0.74295,0.41205,9.79695
1766162790607,0.74100006,0.39495003,9.84195
1766162790607,0.72105,0.39795002,9.861
1766162790607,0.702,0.37605003,9.901951
1766162790609,0.68505,0.37395,9.91905
1766162790610,0.666,0.39495003,9.91905
1766162790628,0.61605,0.381,9.912001
1766162790628,0.61605,0.37905002,9.92805
1766162790628,0.58695,0.381,9.912001
1766162790628,0.597,0.39495003,9.885
1766162790628,0.58005005,0.402,9.873
1766162790628,0.56100005,0.42195,9.826051
1766162790628,0.54195005,0.42405003,9.814051
1766162790651,0.52695,0.42600003,9.77805
1766162790651,0.49605003,0.42600003,9.75405
1766162790651,0.45105,0.40995002,9.73005
1766162790651,0.45795003,0.40695003,9.72
1766162790651,0.48405004,0.41895002,9.691051
1766162790651,0.51105005,0.41895002,9.655951
1766162790651,0.51795,0.39495003,9.612
1766162790651,0.55395,0.40005,9.568951
1766162790651,0.58005005,0.38295,9.498
1766162790653,0.62100005,0.38595003,9.495001
1766162790655,0.68100005,0.40005,9.45705
1766162790658,0.74295,0.39495003,9.486
1766162790661,0.786,0.37395,9.5140505
1766162790680,0.83895004,0.37905002,9.493051
1766162790680,0.87705004,0.39105,9.47805
1766162790680,0.90105003,0.38595003,9.495001
1766162790680,0.91995007,0.40500003,9.5119505
1766162790680,0.93195003,0.40695003,9.531
1766162790680,0.89400005,0.43395,9.559951
1766162790680,0.84795004,0.42600003,9.58395
1766162790684,0.81495005,0.44295,9.639001
1766162790684,0.79995006,0.44805002,9.684
1766162790685,0.786,0.42900002,9.724951
1766162790688,0.79800004,0.43605003,9.736951
1766162790690,0.80805004,0.41700003,9.76605
1766162790693,0.79800004,0.42195,9.7560005
1766162790695,0.80505,0.42900002,9.77805
1766162790720,0.78105,0.41205,9.802051
1766162790720,0.75705004,0.43095002,9.844951
1766162790720,0.68505,0.45795003,9.876
1766162790720,0.62805,0.47895002,9.93105
1766162790720,0.58995,0.48405004,10.00695
1766162790720,0.58305,0.48600003,10.009951
1766162790720,0.57495004,0.50505,10.015051
1766162790720,0.60195005,0.513,9.96195
1766162790720,0.64005005,0.50100005,9.900001
1766162790720,0.633,0.50805,9.873
1766162790723,0.63495004,0.50100005,9.84195
1766162790725,0.64500004,0.48600003,9.78705
1766162790728,0.63000005,0.46695003,9.78495
1766162790745,0.609,0.47205,9.78495
1766162790745,0.59895,0.46695003,9.78495
1766162790745,0.58500004,0.462,9.769951
1766162790745,0.58005005,0.43395,9.80595
1766162790745,0.57495004,0.40995002,9.826051
1766162790745,0.58500004,0.393,9.84
1766162790767,0.609,0.35505003,9.856951
1766162790767,0.62100005,0.33105,9.901951
1766162790767,0.66195005,0.31905,9.90495
1766162790767,0.67095006,0.29505002,9.897
1766162790767,0.69000006,0.264,9.885
1766162790767,0.70695,0.27105,9.91905
1766162790767,0.71205,0.27795002,9.91905
1766162790767,0.71895003,0.3,9.94305
1766162790767,0.726,0.29505002,9.945001
1766162790769,0.73605,0.30705002,9.94995
1766162790771,0.76905006,0.333,9.94005
1766162790772,0.77895004,0.34995002,9.92595
1766162790775,0.81495005,0.38295,9.885
1766162790778,0.84105,0.40500003,9.81105
1766162790780,0.85800004,0.44595003,9.74205
1766162790783,0.88905007,0.46500003,9.694051
1766162790785,0.92505,0.48105,9.615001
1766162790788,0.89895004,0.48900002,9.556951
1766162790805,0.89595,0.52695,9.523951
1766162790805,0.89100003,0.52905005,9.519
1766162790805,0.88695,0.54105,9.49995
1766162790805,0.85800004,0.55995005,9.495001
1766162790805,0.80295,0.56805,9.493051
1766162790805,0.76005006,0.57495004,9.517051
1766162790805,0.70905006,0.56295,9.529051
1766162790810,0.63795,0.513,9.57705
1766162790827,0.63795,0.47400004,9.591001
1766162790827,0.633,0.45000002,9.603001
1766162790827,0.62805,0.41700003,9.588
1766162790827,0.669,0.37905002,9.556951
1766162790827,0.67095006,0.36900002,9.52095
1766162790827,0.68505,0.36195,9.4810505
1766162790829,0.70695,0.37395,9.46395
1766162790830,0.70005006,0.38595003,9.435
1766162790833,0.693,0.39495003,9.40905
1766162790850,0.69495004,0.40695003,9.375
1766162790850,0.69705003,0.43095002,9.382951
1766162790850,0.74805003,0.44295,9.346951
1766162790850,0.74100006,0.462,9.33705
1766162790850,0.75495005,0.462,9.30105
1766162790850,0.77595,0.48600003,9.28905
1766162790850,0.762,0.48405004,9.306001
1766162790853,0.786,0.46995002,9.375
1766162790875,0.78795004,0.47400004,9.427951
1766162790875,0.79305005,0.45495003,9.471001
1766162790875,0.75195,0.45795003,9.523951
1766162790875,0.73800004,0.43605003,9.61995
1766162790875,0.67800003,0.40500003,9.696
1766162790875,0.606,0.402,9.769951
1766162790875,0.55395,0.36705002,9.880951
1766162790875,0.51105005,0.35700002,9.948001
1766162790875,0.48000002,0.34005,9.997951
1766162790896,0.48405004,0.31605002,10.065001
1766162790896,0.51495004,0.28305,10.06995
1766162790896,0.56595004,0.261,10.078951
1766162790896,0.59205,0.27105,10.122001
1766162790896,0.58995,0.252,10.180051
1766162790896,0.58695,0.261,10.2300005
1766162790896,0.609,0.25605002,10.2640505
1766162790896,0.62295,0.25905,10.276051
1766162790898,0.67095006,0.29700002,10.25895
1766162790917,0.73305005,0.30705002,10.222951
1766162790917,0.79305005,0.33105,10.185
1766162790917,0.855,0.35505003,10.134001
1766162790917,0.91305006,0.393,10.045951
1766162790917,0.975,0.42195,9.972
1766162790917,0.9990001,0.47895002,9.89505
1766162790917,1.0330501,0.52905005,9.82995
1766162790918,1.03695,0.54405004,9.77295
1766162790920,1.03995,0.56505,9.71805
1766162790940,1.02495,0.58395004,9.660001
1766162790940,1.0009501,0.58695,9.61995
1766162790940,0.9580501,0.57705003,9.57705
1766162790940,0.88695,0.56805,9.547951
1766162790940,0.80295,0.558,9.49995
1766162790940,0.73305005,0.53205,9.5140505
1766162790940,0.68295,0.51000005,9.535951
1766162790940,0.64695,0.47205,9.5449505
1766162790943,0.64500004,0.42405003,9.567
1766162790962,0.68805003,0.393,9.59595
1766162790962,0.71205,0.38295,9.64095
1766162790962,0.71205,0.34005,9.736951
1766162790962,0.69705003,0.33795002,9.79695
1766162790962,0.69705003,0.321,9.8880005
1766162790962,0.69705003,0.30900002,9.933001
1766162790962,0.717,0.30705002,9.984
1766162790964,0.71895003,0.27600002,10.045951
1766162790965,0.75000006,0.27795002,10.078951
1766162790986,0.79995006,0.28500003,10.09395
1766162790986,0.83895004,0.27795002,10.09095
1766162790986,0.87195003,0.27795002,10.098001
1766162790986,0.882,0.28995,10.07205
1766162790986,0.906,0.3,10.054951
1766162790986,0.90795004,0.29700002,10.054951
1766162790986,0.91305006,0.30405003,9.996
1766162790986,0.90105003,0.35205,9.945001
1766162791012,0.91095006,0.37395,9.889951
1766162791012,0.88395005,0.39795002,9.802051
1766162791012,0.88395005,0.44805002,9.72
1766162791012,0.84105,0.47700003,9.648001
1766162791012,0.81705004,0.49305,9.556951
1766162791012,0.75000006,0.53895,9.517051
1766162791012,0.69705003,0.55305004,9.462001
1766162791012,0.65400004,0.56295,9.423
1766162791012,0.59895,0.56505,9.415951
1766162791012,0.55395,0.549,9.426001
1766162791014,0.51495004,0.54105,9.430051
1766162791015,0.51495004,0.51705,9.415951
1766162791017,0.54405004,0.47205,9.39
1766162791020,0.58305,0.45495003,9.342
1766162791023,0.61395,0.43800002,9.330001
1766162791028,0.64995,0.42195,9.330001
1766162791028,0.68100005,0.40500003,9.31305
1766162791030,0.693,0.43800002,9.31305
1766162791056,0.70005006,0.44595003,9.354
1766162791056,0.70005006,0.45000002,9.402
1766162791056,0.70005006,0.46500003,9.45405
1766162791056,0.70500004,0.49305,9.50205
1766162791056,0.72405005,0.48600003,9.559951
1766162791056,0.75705004,0.49095002,9.588
1766162791056,0.80295,0.48600003,9.64605
1766162791056,0.83100003,0.46995002,9.712951
1766162791056,0.90105003,0.47895002,9.77805
1766162791056,0.95400006,0.453,9.84195
1766162791079,1.011,0.42900002,9.871051
1766162791079,1.0570501,0.42900002,9.9210005
1766162791079,1.0830001,0.402,9.93795
1766162791079,1.107,0.37905002,9.9210005
1766162791079,1.0900501,0.39105,9.92805
1766162791079,1.0519501,0.41205,9.924001
1766162791079,1.00605,0.42900002,9.909
1766162791079,0.92700005,0.462,9.924001
1766162791079,0.87900007,0.48105,9.901951
1766162791081,0.83595,0.513,9.901951
1766162791082,0.79095006,0.51495004,9.8880005
1766162791085,0.77205,0.52500004,9.877951
1766162791087,0.75495005,0.522,9.844951
1766162791090,0.74295,0.52695,9.802051
1766162791092,0.717,0.50505,9.76305
1766162791095,0.68100005,0.513,9.79905
1766162791097,0.65400004,0.522,9.80595
1766162791121,0.62100005,0.49605003,9.835051
1766162791121,0.59895,0.49800003,9.81795
1766162791121,0.62100005,0.47700003,9.847051
1766162791121,0.609,0.45000002,9.849001
1766162791121,0.64005005,0.441,9.8539505
1766162791121,0.69000006,0.42900002,9.84195
1766162791122,0.71205,0.42195,9.826051
1766162791122,0.76695,0.39105,9.79395
1766162791122,0.77595,0.37395,9.7560005
1766162791124,0.77895004,0.39105,9.74205
1766162791146,0.76905006,0.37605003,9.711
1766162791146,0.72105,0.37095,9.688951
1766162791146,0.68295,0.36900002,9.675
1766162791146,0.63795,0.381,9.639001
1766162791146,0.55095005,0.39495003,9.579
1766162791146,0.453,0.42195,9.523951
1766162791146,0.36900002,0.45000002,9.45405
1766162791146,0.36495003,0.44595003,9.415951
1766162791146,0.40800002,0.40995002,9.342
1766162791170,0.46800002,0.35895002,9.217051
1766162791170,0.50295,0.32295,9.13605
1766162791170,0.45105,0.273,9.082951
1766162791170,0.34305,0.24195,9.02295
1766162791170,0.15900001,0.21105,8.929951
1766162791170,-0.076950006,0.21105,8.776951
1766162791170,-0.30495003,0.21105,8.628
1766162791170,-0.53205,0.22305001,8.48505
1766162791170,-0.80295,0.24705002,8.391001
1766162791170,-1.1040001,0.26805001,8.35305
1766162791191,-1.42305,0.28995,8.281051
1766162791191,-1.7680501,0.333,8.146951
1766162791191,-2.148,0.43605003,8.01105
1766162791191,-2.469,0.56295,7.9249506
1766162791191,-2.6749501,0.72795004,7.8100505
1766162791191,-2.709,0.90795004,7.7110505
1766162791191,-2.598,1.0390501,7.6039505
1766162791191,-2.67705,0.9289501,8.48205
1766162791193,-1.6980001,-0.042000003,9.49005
1766162791195,0.049050003,-1.0350001,8.896951
1766162791197,0.9580501,-1.3039501,7.8930006
1766162791200,1.69605,-1.50495,6.7230005
1766162791202,1.9710001,-1.6360501,5.51805
1766162791205,2.115,-1.5979501,4.2780004
1766162791208,0.82005006,-0.54,1.39995
1766162791233,0.10095,-0.11400001,0.0139500005
1766162791234,0.058050003,-0.10605001,-0.025950002
1766162791234,0.063,-0.109050006,0.01905
1766162791234,0.07005,-0.10395,0.028050002
1766162791234,0.06795,-0.102000006,0.021000002
1766162791234,0.058050003,-0.10395,-0.006
1766162791234,0.058050003,-0.09,-0.006
1766162791234,0.06105,-0.10395,-0.016050002
1766162791234,0.058050003,-0.11805001,0.016050002
1766162791234,0.064950004,-0.09,-0.0139500005
1766162791235,0.075,-0.11100001,-0.030000001
1766162791257,0.08895,-0.10395,-0.006
1766162791257,0.07305,-0.102000006,0.0019500001
1766162791257,0.051000003,-0.09195001,0.009000001
1766162791257,0.04605,-0.102000006,-0.0019500001
1766162791257,0.076950006,-0.10395,0.0049500004
1766162791257,0.08505,-0.087000005,-0.006
1766162791257,0.063,-0.102000006,0.0139500005
1766162791257,0.075,-0.09900001,-0.006
1766162791284,0.07005,-0.087000005,-0.006
1766162791284,0.07305,-0.078,0.009000001
1766162791284,0.079950005,-0.10605001,0.016050002
1766162791284,0.075,-0.109050006,0.009000001
1766162791284,0.063,-0.11100001,-0.006
1766162791284,0.052950002,-0.09705,0.012
1766162791284,0.05595,-0.102000006,0.021000002
1766162791284,0.063,-0.078,0.021000002
1766162791284,0.063,-0.09900001,0.03795
1766162791284,0.063,-0.09705,0.033
1766162791284,0.064950004,-0.10395,0.028050002
1766162791284,0.043950003,-0.09705,-0.00405
1766162791305,0.063,-0.09195001,0.036000002
1766162791305,0.07305,-0.087000005,0.036000002
1766162791305,0.064950004,-0.10395,0.024
1766162791305,0.058050003,-0.109050006,0.021000002
1766162791305,0.039,-0.087000005,0.025950002
1766162791305,0.06105,-0.08505,0.033
1766162791305,0.063,-0.08505,0.03795
1766162791305,0.063,-0.08505,0.052050002
1766162791307,0.07005,-0.09195001,0.057000004
1766162791310,0.064950004,-0.09,0.055050004
1766162791312,0.064950004,-0.09,0.069000006
1766162791315,0.058050003,-0.08295,0.061950002
1766162791317,0.06795,-0.09705,0.064050004
1766162791339,0.063,-0.10605001,0.057000004
1766162791339,0.064950004,-0.109050006,0.052050002
1766162791339,0.058050003,-0.094950005,0.052050002
1766162791340,0.064950004,-0.08295,0.06705
1766162791340,0.063,-0.078,0.079050004
1766162791340,0.051000003,-0.08505,0.072000004
1766162791340,0.063,-0.10605001,0.052050002
1766162791340,0.063,-0.09900001,0.055050004
1766162791340,0.06795,-0.094950005,0.081
1766162791361,0.064950004,-0.09705,0.060000002
1766162791361,0.06795,-0.102000006,0.072000004
1766162791361,0.058050003,-0.08295,0.081
1766162791361,0.06795,-0.08505,0.08595
1766162791361,0.064950004,-0.087000005,0.079050004
1766162791361,0.058050003,-0.08505,0.072000004
1766162791361,0.06795,-0.09195001,0.079050004
1766162791361,0.043950003,-0.09705,0.069000006
1766162791363,0.063,-0.087000005,0.03795
1766162791364,0.07305,-0.08295,0.061950002
1766162791367,0.06105,-0.079950005,0.049950004
1766162791369,0.05595,-0.078,0.07395
1766162791372,0.063,-0.08505,0.049950004
1766162791374,0.06795,-0.08505,0.060000002
1766162791377,0.051000003,-0.079950005,0.064050004
1766162791379,0.052950002,-0.09195001,0.06705
1766162791382,0.06105,-0.09195001,0.081
1766162791404,0.063,-0.08295,0.097950004
1766162791404,0.06105,-0.07095,0.06705
1766162791404,0.05595,-0.079950005,0.06705
1766162791404,0.07005,-0.08505,0.093
1766162791404,0.06795,-0.078,0.08400001
1766162791404,0.051000003,-0.066,0.10695001
1766162791404,0.064950004,-0.079950005,0.11505
1766162791404,0.076950006,-0.075,0.11895001
1766162791404,0.079950005,-0.07095,0.08595
1766162791427,0.063,-0.075,0.11505
1766162791427,0.06795,-0.08295,0.11505
1766162791427,0.07305,-0.07095,0.10005
1766162791427,0.06105,-0.07305,0.10005
1766162791427,0.07005,-0.06105,0.112050004
1766162791427,0.06795,-0.06105,0.094950005
1766162791427,0.052950002,-0.06795,0.10005
1766162791427,0.06795,-0.07305,0.12900001
1766162791427,0.07005,-0.066,0.12195001
1766162791450,0.08205,-0.063,0.124050006
1766162791450,0.076950006,-0.066,0.13605
1766162791450,0.064950004,-0.07305,0.15795001
1766162791450,0.06795,-0.07305,0.15105
1766162791450,0.076950006,-0.06795,0.16005
1766162791450,0.07005,-0.05595,0.14805001
1766162791450,0.063,-0.05595,0.15105
1766162791450,0.076950006,-0.066,0.16305001
1766162791450,0.07305,-0.063,0.17895001
1766162791452,0.075,-0.08295,0.18405001
1766162791455,0.063,-0.06105,0.18405001
1766162791457,0.06795,-0.054,0.18900001
1766162791460,0.076950006,-0.06795,0.20805001
1766162791462,0.079950005,-0.07095,0.201
1766162791464,0.06105,-0.05595,0.21495001
1766162791467,0.063,-0.06105,0.19605
1766162791469,0.076950006,-0.049050003,0.20595
1766162791472,0.06795,-0.054,0.22005
1766162791482,0.06795,-0.063,0.21795002
1766162791482,0.064950004,-0.051000003,0.19395001
1766162791482,0.06105,-0.039,0.21795002
1766162791482,0.064950004,-0.043950003,0.19095
1766162791484,0.064950004,-0.051000003,0.18900001
1766162791487,0.08505,-0.05595,0.17205001
1766162791489,0.10095,-0.051000003,0.19605
1766162791492,0.08205,-0.066,0.19095
1766162791494,0.051000003,-0.06795,0.20805001
1766162791516,0.076950006,-0.051000003,0.20295002
1766162791516,0.076950006,-0.06105,0.21000001
1766162791516,0.043950003,-0.051000003,0.21495001
1766162791516,0.063,-0.043950003,0.21300001
1766162791516,0.063,-0.06105,0.21495001
1766162791516,0.058050003,-0.058950003,0.19800001
1766162791516,0.06105,-0.054,0.201
1766162791516,0.06105,-0.051000003,0.23205002
1766162791541,0.06105,-0.054,0.23895001
1766162791541,0.075,-0.05595,0.24405001
1766162791541,0.08205,-0.03195,0.25605002
1766162791541,0.063,-0.030000001,0.261
1766162791541,0.087000005,-0.03195,0.27495003
1766162791541,0.08205,-0.025050001,0.29700002
1766162791541,0.07005,-0.022950001,0.30405003
1766162791541,0.06795,-0.025050001,0.30900002
1766162791541,0.06105,-0.027,0.30900002
1766162791541,0.06795,-0.03195,0.33705002
1766162791543,0.07305,-0.03705,0.34695002
1766162791544,0.06105,-0.043950003,0.35205
1766162791547,0.06105,-0.025050001,0.34395
1766162791549,0.07005,-0.018000001,0.354
1766162791552,0.07305,-0.006,0.35205
1766162791554,0.07305,-0.039,0.35205
1766162791557,0.058050003,-0.016050002,0.35895002
1766162791559,0.063,-0.01995,0.37095
1766162791585,0.06795,-0.025050001,0.35895002
1766162791585,0.06795,-0.027,0.34905002
1766162791585,0.07305,-0.027,0.31605002
1766162791585,0.063,-0.027,0.31605002
1766162791585,0.06795,-0.030000001,0.33495003
1766162791585,0.076950006,-0.03195,0.35205
1766162791585,0.063,-0.03195,0.37800002
1766162791585,0.07305,-0.030000001,0.37305
1766162791585,0.05595,-0.027,0.37095
1766162791585,0.05595,-0.01995,0.37305
1766162791606,0.058050003,0.0049500004,0.36405003
1766162791606,0.05595,-0.006,0.37305
1766162791606,0.06795,-0.010950001,0.37995002
1766162791606,0.07005,-0.016050002,0.402
1766162791606,0.063,-0.027,0.41205
1766162791606,0.027,-0.00795,0.40395
1766162791606,0.03705,-0.010950001,0.43995002
1766162791606,0.052950002,-0.00405,0.423
1766162791632,0.063,-0.00795,0.41595003
1766162791632,0.07005,-0.006,0.43305
1766162791632,0.064950004,0.0,0.44505003
1766162791632,0.064950004,0.00705,0.44700003
1766162791632,0.07305,0.0,0.45000002
1766162791632,0.06795,0.01695,0.44700003
1766162791632,0.05595,0.003,0.44700003
1766162791632,0.058050003,0.0049500004,0.49095002
1766162791632,0.06105,-0.00405,0.47595003
1766162791632,0.049050003,-0.00405,0.48600003
1766162791632,0.051000003,0.003,0.48795003
1766162791656,0.043950003,0.0,0.51195
1766162791656,0.039,-0.00405,0.51900005
1766162791656,0.04605,-0.006,0.51405
1766162791656,0.043950003,-0.018000001,0.52395004
1766162791656,0.052950002,-0.022950001,0.44295
1766162791656,0.59895,5.5740004,-13.167001
1766162791656,2.6749501,22.072052,-66.289955
1766162791656,8.12895,35.70705,-78.442955
1766162791656,8.64105,38.52795,-78.442955
1766162791657,10.269,40.599003,-78.442955
1766162791659,9.7240505,32.00595,-78.442955
1766162791680,3.0270002,24.976952,-78.442955
1766162791680,-8.574,-0.09705,57.267002
1766162791680,-26.50695,-23.706001,78.454956
1766162791680,-42.64905,-25.660051,78.454956
1766162791680,-58.639053,-23.385,78.454956
1766162791680,-71.482056,-17.911951,78.454956
1766162791680,-66.828,-25.43205,78.454956
1766162791680,-37.19895,-24.30495,78.454956
1766162791681,-12.10305,-18.577951,78.454956
1766162791684,-1.33395,-14.899951,34.464
1766162791687,0.693,-11.17695,7.8409505
1766162791689,0.90105003,-7.7869506,-4.82805
1766162791692,1.2100501,-5.6010003,-9.45405
1766162791694,1.2720001,-4.22205,-10.816051
1766162791697,1.2580501,-3.15,-10.986
1766162791704,0.66195005,-2.328,-9.945001
1766162791704,0.36195,-1.8060001,-9.328951
1766162791704,0.36,-1.62195,-7.7800503
1766162791707,0.40305,-1.5649501,-6.25995
1766162791709,0.45795003,-1.55505,-5.1730504
1766162791711,0.441,-1.5960001,-4.407
1766162791714,0.372,-1.6650001,-3.7750502
1766162791716,0.28605002,-1.7370001,-3.315
1766162791719,0.11100001,-1.6320001,-2.83395
1766162791721,-0.010050001,-1.4640001,-2.28795
1766162791724,-0.10605001,-1.3279501,-1.8760501
1766162791726,-0.21105,-1.16505,-1.55295
1766162791729,-0.27795002,-1.0020001,-1.2610501
1766162791731,-0.29505002,-0.84195006,-1.0000501
1766162791750,-0.25005,-0.69105005,-0.78705
1766162791750,-0.216,-0.56595004,-0.61005
1766162791750,-0.16605,-0.45405003,-0.46605003
1766162791750,-0.11595,-0.39105,-0.33
1766162791751,-0.09900001,-0.32205,-0.21705002
1766162791751,-0.087000005,-0.26895002,-0.16395001
1766162791751,-0.11100001,-0.21900001,-0.16905001
1766162791751,-0.087000005,-0.21195,-0.14805001
1766162791754,-0.094050005,-0.18795002,-0.08295
1766162791756,-0.08895,-0.16905001,-0.069000006
1766162791759,-0.10095,-0.162,-0.08805001
1766162791761,-0.09195001,-0.12795001,-0.058950003
1766162791764,-0.08400001,-0.12795001,-0.030000001
1766162791789,-0.076950006,-0.11595,-0.03795
1766162791790,-0.07305,-0.09705,-0.07395
1766162791790,-0.06795,-0.079950005,-0.058950003
1766162791790,-0.05595,-0.08505,-0.040050004
1766162791790,-0.063,-0.10605001,-0.049950004
1766162791790,-0.058050003,-0.15,-0.030000001
1766162791790,-0.03195,-0.20505,0.033
1766162791790,0.006,-0.22395001,0.10005
1766162791790,0.025050001,-0.23295002,0.12900001
1766162791790,0.06795,-0.26205,0.165
1766162791817,0.108,-0.312,0.21795002
1766162791817,0.21900001,-0.35805002,0.24900001
1766162791817,0.28995,-0.40095,0.27495003
1766162791817,0.36495003,-0.42495003,0.32295
1766162791817,0.42000002,-0.47295,0.45000002
1766162791817,0.47505003,-0.528,0.60795003
1766162791817,0.549,-0.573,0.72300005
1766162791817,0.64695,-0.63795,0.99105006
1766162791817,0.71895003,-0.70695,1.3120501
1766162791817,0.846,-0.786,1.6489501
1766162791817,0.93705004,-0.837,1.9990501
1766162791845,1.1020501,-0.91800004,2.38695
1766162791845,1.2220501,-1.0879501,2.25495
1766162791845,1.26195,-1.3729501,1.1230501
1766162791845,1.1910001,-1.797,-0.39705002
1766162791845,1.2049501,-2.256,-1.6300501
1766162791845,1.4470501,-2.6800501,-2.90295
1766162791845,1.8390001,-3.1380002,-4.086
1766162791845,2.364,-3.6450002,-4.6320004
1766162791845,3.04095,-4.122,-4.44105
1766162791845,3.8029501,-4.5550504,-3.627
1766162791845,4.47795,-4.8349504,-2.4100502
1766162791847,4.914,-4.9669504,-0.96195006
1766162791870,5.19105,-5.043,0.74895006
1766162791870,5.34705,-5.0340004,3.17895
1766162791870,5.5620003,-5.043,6.7540503
1766162791870,5.74905,-5.0620503,10.168051
1766162791870,5.9599504,-5.175,12.699
1766162791870,6.11595,-5.3430004,15.210001
1766162791870,6.2470503,-5.505,18.049952
1766162791870,6.2590504,-5.6280003,20.893951
1766162791870,6.135,-5.5939503,24.001951
1766162791899,5.88105,-5.4240003,27.65805
1766162791900,5.2369504,-5.14905,31.267952
1766162791900,4.1350503,-4.69395,34.452003
1766162791900,2.52705,-4.1460004,37.09095
1766162791900,0.549,-3.5520003,38.961002
1766162791900,-1.7149501,-2.9940002,39.98505
1766162791900,-3.9420002,-2.5870502,39.820053
1766162791900,-5.9929504,-2.3040001,38.118
1766162791900,-7.5690002,-2.1460502,34.668003
1766162791900,-8.28195,-2.07495,29.611052
1766162791900,-8.31795,-1.9960501,23.875051
1766162791900,-7.9470005,-1.7680501,18.60495
1766162791901,-7.3050003,-1.488,14.454
1766162791925,-6.69705,-1.131,11.439
1766162791925,-6.1150503,-0.753,9.33705
1766162791925,-5.7400503,-0.37500003,7.9800005
1766162791925,-5.4910502,-0.03195,7.1269503
1766162791925,-5.3569503,0.273,6.4690504
1766162791925,-5.24595,0.53205,5.98995
1766162791925,-5.08605,0.73305005,5.6239505
1766162791925,-4.8679504,0.93405,5.4030004
1766162791925,-4.63605,1.0699501,5.274
1766162791957,-4.1520004,1.1880001,5.2429504
1766162791957,-3.45795,1.22595,5.2770004
1766162791957,-2.661,1.2600001,5.4030004
1766162791957,-1.81095,1.24995,5.5260005
1766162791957,-1.03005,1.2360001,5.64795
1766162791957,-0.37905002,1.2600001,5.7169504
1766162791957,0.11805001,1.31505,5.7169504
1766162791957,0.46995002,1.3960501,5.63805
1766162791957,0.717,1.4989501,5.4679503
1766162791957,0.85995007,1.5640501,5.262
1766162791957,0.92700005,1.64505,5.0010004
1766162791957,1.0210501,1.6810501,4.8240004
1766162791957,1.092,1.7260501,4.7449503
1766162791959,1.21905,1.7310001,4.8
1766162791988,1.3920001,1.72395,5.1139503
1766162791988,1.5880501,1.6330501,5.5729504
1766162791988,1.794,1.5469501,6.1579504
1766162791988,2.01195,1.4250001,6.81405
1766162791988,2.2440002,1.26705,7.5199504
1766162791988,2.4120002,1.05795,8.18505
1766162791988,2.53905,0.81705004,8.887051
1766162791988,2.53905,0.53895,9.63195
1766162791988,2.4739501,0.24195,10.36695
1766162791988,2.2680001,-0.054,11.089951
1766162791988,1.9860001,-0.37905002,11.791051
1766162791988,1.60695,-0.64995,12.35595
1766162792016,1.21905,-0.88695,12.79905
1766162792016,0.81195,-1.0690501,13.069951
1766162792016,0.43395,-1.21695,13.218
1766162792016,0.07005,-1.30095,13.192051
1766162792016,-0.264,-1.3440001,13.09395
1766162792016,-0.59205,-1.3560001,12.883051
1766162792016,-0.855,-1.35105,12.556951
1766162792017,-1.1689501,-1.2919501,12.102
1766162792017,-1.4299501,-1.2199501,11.535001
1766162792017,-1.6789501,-1.08105,10.957951
1766162792017,-1.863,-0.89205,10.39305
1766162792043,-1.9969501,-0.66405004,9.873
1766162792043,-2.01405,-0.423,9.483001
1766162792043,-1.9279501,-0.17400001,9.174001
1766162792043,-1.7050501,0.072000004,8.97105
1766162792043,-1.38495,0.31395,8.905951
1766162792043,-1.0129501,0.522,8.896951
1766162792043,-0.69705003,0.69900006,8.905951
1766162792043,-0.39600003,0.84795004,8.929951
1766162792043,-0.13695,0.93405,8.98995
1766162792043,0.11100001,0.96795005,8.97795
1766162792043,0.31395,0.96300006,8.997001
1766162792072,0.46005002,0.93405,9.00405
1766162792072,0.59895,0.83805007,9.01095
1766162792072,0.68100005,0.73305005,9.021001
1766162792072,0.71400005,0.60795003,9.031051
1766162792072,0.73095006,0.44595003,9.085951
1766162792072,0.71400005,0.273,9.165
1766162792072,0.64995,0.06705,9.32295
1766162792072,0.58695,-0.11805001,9.5140505
1766162792072,0.44595003,-0.312,9.7560005
1766162792072,0.31695002,-0.49395,10.00695
1766162792072,0.17805001,-0.61905,10.24005
1766162792091,0.03195,-0.70500004,10.441051
1766162792091,-0.09195001,-0.75105006,10.55805
1766162792091,-0.22095,-0.74100006,10.627951
1766162792091,-0.34995002,-0.68295,10.660951
1766162792091,-0.453,-0.61200005,10.618051
1766162792091,-0.55605,-0.50205004,10.528951
1766162792091,-0.633,-0.37005,10.386001
1766162792091,-0.693,-0.22395001,10.206
1766162792117,-0.70695,-0.043950003,10.015051
1766162792117,-0.71205,0.109950006,9.802051
1766162792117,-0.69000006,0.252,9.61995
1766162792117,-0.62805,0.38295,9.46605
1766162792117,-0.52500004,0.47895002,9.361051
1766162792117,-0.381,0.50805,9.282001
1766162792117,-0.21900001,0.52500004,9.253051
1766162792117,-0.079950005,0.49800003,9.24405
1766162792117,0.051000003,0.47700003,9.250951
1766162792117,0.15405001,0.42600003,9.294001
1766162792119,0.23295002,0.34500003,9.34395
1766162792136,0.28305,0.25905,9.430051
1766162792136,0.31395,0.18195,9.531
1766162792136,0.32895002,0.052950002,9.639001
1766162792136,0.29505002,-0.063,9.736951
1766162792136,0.252,-0.16605,9.826051
1766162792136,0.16605,-0.26895002,9.89295
1766162792136,0.051000003,-0.34395,9.96405
1766162792161,-0.07005,-0.40305,10.033951
1766162792161,-0.17505,-0.42705002,10.054951
1766162792161,-0.264,-0.432,10.12005
1766162792161,-0.31695002,-0.411,10.134001
1766162792161,-0.36195,-0.351,10.13895
1766162792161,-0.36705002,-0.27600002,10.12695
1766162792161,-0.37905002,-0.18300001,10.078951
1766162792161,-0.384,-0.075,10.021951
1766162792161,-0.39795002,0.043050002,9.93795
1766162792161,-0.381,0.15795001,9.8539505
1766162792181,-0.35700002,0.24195,9.76605
1766162792181,-0.32895002,0.32295,9.66495
1766162792181,-0.26895002,0.381,9.568951
1766162792181,-0.21405001,0.38295,9.4810505
1766162792181,-0.15195,0.37905002,9.42105
1766162792181,-0.063,0.34305,9.385051
1766162792181,-0.003,0.28305,9.387
1766162792181,0.052950002,0.22305001,9.43305
1766162792208,0.10605001,0.13695,9.45195
1766162792208,0.123,0.043050002,9.52095
1766162792208,0.132,-0.042000003,9.60795
1766162792208,0.123,-0.13800001,9.72
1766162792208,0.08205,-0.19305001,9.837001
1766162792208,0.01995,-0.24795002,9.912001
1766162792208,-0.03705,-0.28095,9.997951
1766162792208,-0.09900001,-0.28605002,10.08405
1766162792208,-0.19005,-0.291,10.11795
1766162792208,-0.25005,-0.27405003,10.122001
1766162792208,-0.30195,-0.22905001,10.137
1766162792228,-0.33600003,-0.17400001,10.078951
1766162792228,-0.32895002,-0.11805001,10.03905
1766162792229,-0.333,-0.051000003,9.972
1766162792229,-0.31395,0.015000001,9.865951
1766162792229,-0.29505002,0.08400001,9.768001
1766162792229,-0.25905,0.15300001,9.670051
1766162792229,-0.216,0.201,9.636001
1766162792229,-0.16305001,0.252,9.555
1766162792259,-0.147,0.273,9.48795
1766162792259,-0.10605001,0.27105,9.46395
1766162792259,-0.06795,0.25395,9.462001
1766162792259,-0.049050003,0.20895001,9.459001
1766162792259,-0.00795,0.16995001,9.5140505
1766162792259,0.0010500001,0.112950005,9.555
1766162792259,0.015000001,0.048,9.61005
1766162792259,0.034050003,-0.03705,9.691051
1766162792259,0.01995,-0.11400001,9.78495
1766162792259,-0.010050001,-0.18105,9.859051
1766162792259,-0.025050001,-0.20205002,9.924001
1766162792259,-0.058050003,-0.23595001,9.984
1766162792276,-0.112950005,-0.24105,10.02705
1766162792276,-0.17805001,-0.24105,10.045951
1766162792276,-0.21900001,-0.21705002,10.06995
1766162792276,-0.26595002,-0.16605,10.077001
1766162792276,-0.29295,-0.10605001,9.996
1766162792276,-0.30705002,-0.054,9.945001
1766162792276,-0.29295,0.012,9.859051
1766162792279,-0.27105,0.07005,9.79695
1766162792310,-0.23805001,0.11505,9.71805
1766162792310,-0.20895001,0.14400001,9.65295
1766162792310,-0.16095,0.18495001,9.588
1766162792310,-0.12495001,0.19395001,9.529051
1766162792310,-0.08400001,0.20895001,9.523951
1766162792310,-0.058050003,0.201,9.50205
1766162792310,-0.043950003,0.16095,9.526051
1766162792310,-0.039,0.13905,9.571951
1766162792310,-0.04605,0.097950004,9.591001
1766162792310,-0.05595,0.043050002,9.672001
1766162792310,-0.06795,0.0049500004,9.732
1766162792310,-0.04605,-0.051000003,9.79395
1766162792330,-0.07005,-0.102000006,9.859051
1766162792330,-0.10395,-0.13995,9.909
1766162792330,-0.094050005,-0.162,9.94995
1766162792330,-0.120000005,-0.18795002,9.97605
1766162792330,-0.16095,-0.18495001,10.00695
1766162792330,-0.16305001,-0.15405001,10.003051
1766162792330,-0.18495001,-0.126,9.97395
1766162792330,-0.192,-0.11595,9.945001
1766162792331,-0.22605,-0.039,9.873
1766162792358,-0.22800002,0.00705,9.81795
1766162792358,-0.23505001,0.055050004,9.75105
1766162792358,-0.23295002,0.11805001,9.706051
1766162792358,-0.19695,0.14400001,9.663
1766162792358,-0.171,0.15105,9.615001
1766162792358,-0.14400001,0.17295001,9.574051
1766162792358,-0.11595,0.17505,9.555
1766162792358,-0.06795,0.156,9.591001
1766162792358,-0.06105,0.12705001,9.591001
1766162792358,-0.052950002,0.109950006,9.627001
1766162792358,-0.034050003,0.060000002,9.691051
1766162792377,-0.025050001,0.015000001,9.727051
1766162792377,-0.04605,-0.01305,9.77505
1766162792377,-0.07005,-0.043950003,9.826051
1766162792377,-0.09195001,-0.09,9.877951
1766162792377,-0.12495001,-0.11400001,9.916051
1766162792377,-0.13695,-0.126,9.93795
1766162792377,-0.15195,-0.147,9.945001
1766162792379,-0.18495001,-0.15,9.91905
1766162792380,-0.18,-0.14505,9.90495
1766162792383,-0.19500001,-0.094950005,9.883051
1766162792386,-0.18,-0.075,9.8539505
1766162792388,-0.18,-0.04695,9.81795
1766162792391,-0.192,-0.006,9.802051
1766162792412,-0.18300001,0.027,9.757951
1766162792412,-0.16305001,0.076950006,9.732
1766162792412,-0.16095,0.109950006,9.688951
1766162792412,-0.14400001,0.13395001,9.660001
1766162792412,-0.13005,0.15795001,9.660001
1766162792412,-0.11100001,0.13905,9.65295
1766162792412,-0.087000005,0.13695,9.64605
1766162792412,-0.096,0.12195001,9.658051
1766162792437,-0.09195001,0.097950004,9.675
1766162792437,-0.07305,0.060000002,9.688951
1766162792437,-0.076950006,0.024,9.72
1766162792437,-0.08895,-0.027,9.768001
1766162792437,-0.08895,-0.063,9.804001
1766162792437,-0.112950005,-0.094950005,9.832951
1766162792437,-0.12495001,-0.11400001,9.877951
1766162792437,-0.14895001,-0.11595,9.89295
1766162792437,-0.17505,-0.135,9.901951
1766162792437,-0.192,-0.109050006,9.900001
1766162792439,-0.19905001,-0.087000005,9.897
1766162792441,-0.20400001,-0.075,9.873
1766162792443,-0.19500001,-0.049050003,9.8539505
1766162792463,-0.17295001,-0.022950001,9.814051
1766162792463,-0.17295001,0.010050001,9.77505
1766162792463,-0.16095,0.028950002,9.75405
1766162792463,-0.135,0.06705,9.71805
1766162792463,-0.11595,0.08400001,9.67695
1766162792463,-0.11805001,0.10305001,9.687
1766162792463,-0.11595,0.12495001,9.660001
1766162792463,-0.11595,0.12495001,9.660001
1766162792488,-0.108,0.10305001,9.663
1766162792488,-0.094050005,0.08895,9.66705
1766162792488,-0.08895,0.051000003,9.691051
1766162792488,-0.096,0.036000002,9.711
1766162792488,-0.10605001,0.02205,9.75405
1766162792488,-0.10605001,-0.022950001,9.77805
1766162792488,-0.11595,-0.06105,9.814051
1766162792488,-0.14400001,-0.08295,9.844951
1766162792488,-0.135,-0.09,9.856951
1766162792488,-0.15195,-0.102000006,9.880951
1766162792490,-0.14400001,-0.094950005,9.885
1766162792511,-0.16605,-0.09195001,9.871051
1766162792511,-0.19005,-0.07305,9.864
1766162792511,-0.18,-0.04695,9.844951
1766162792511,-0.17805001,-0.03705,9.826051
1766162792511,-0.16305001,0.003,9.80895
1766162792511,-0.13995,0.036000002,9.768001
1766162792511,-0.13995,0.052950002,9.74205
1766162792511,-0.135,0.07005,9.706051
1766162792534,-0.147,0.09105001,9.682051
1766162792535,-0.12495001,0.09105001,9.67905
1766162792535,-0.108,0.09105001,9.663
1766162792535,-0.108,0.10305001,9.660001
1766162792535,-0.10095,0.10605001,9.651
1766162792535,-0.10395,0.06705,9.67695
1766162792535,-0.120000005,0.051000003,9.700951
1766162792535,-0.11805001,0.028950002,9.73005
1766162792535,-0.14205001,0.0049500004,9.769951
1766162792557,-0.13995,-0.025050001,9.79395
1766162792557,-0.14400001,-0.042000003,9.835051
1766162792557,-0.14895001,-0.06795,9.844951
1766162792557,-0.16605,-0.079950005,9.876
1766162792557,-0.147,-0.09,9.877951
1766162792557,-0.14895001,-0.07095,9.868951
1766162792557,-0.15405001,-0.078,9.877951
1766162792557,-0.16305001,-0.07095,9.84195
1766162792557,-0.15405001,-0.049050003,9.828
1766162792582,-0.135,-0.01995,9.802051
1766162792582,-0.147,0.0,9.77505
1766162792582,-0.147,0.024,9.78495
1766162792582,-0.13695,0.058050003,9.727051
1766162792582,-0.132,0.07005,9.688951
1766162792582,-0.10095,0.08205,9.67905
1766162792582,-0.10605001,0.08895,9.663
1766162792582,-0.112950005,0.10095,9.66705
1766162792582,-0.12795001,0.08895,9.67905
1766162792582,-0.13695,0.063,9.694051
1766162792583,-0.11100001,0.036000002,9.715051
1766162792603,-0.11100001,0.039,9.75405
1766162792603,-0.11595,0.01905,9.78195
1766162792603,-0.11805001,-0.022950001,9.77295
1766162792603,-0.12495001,-0.043950003,9.804001
1766162792603,-0.135,-0.05595,9.8209505
1766162792603,-0.12495001,-0.07305,9.864
1766162792603,-0.14400001,-0.06795,9.861
1766162792603,-0.15900001,-0.07095,9.864
1766162792624,-0.15900001,-0.05595,9.861
1766162792624,-0.156,-0.06105,9.84195
1766162792624,-0.13995,-0.051000003,9.826051
1766162792624,-0.14205001,-0.030000001,9.81105
1766162792624,-0.14895001,-0.00795,9.79695
1766162792624,-0.135,0.02205,9.757951
1766162792624,-0.14895001,0.04095,9.736951
1766162792624,-0.112950005,0.051000003,9.73005
1766162792626,-0.123,0.079050004,9.694051
1766162792646,-0.12495001,0.072000004,9.700951
1766162792646,-0.11100001,0.072000004,9.703051
1766162792646,-0.11805001,0.079050004,9.708
1766162792646,-0.120000005,0.06705,9.694051
1766162792646,-0.120000005,0.048,9.727051
1766162792646,-0.120000005,0.043050002,9.747001
1766162792646,-0.156,0.010050001,9.75105
1766162792646,-0.13695,-0.018000001,9.76605
1766162792672,-0.14205001,-0.022950001,9.80895
1766162792672,-0.14895001,-0.049050003,9.816001
1766162792672,-0.147,-0.066,9.84
1766162792672,-0.15195,-0.066,9.828
1766162792672,-0.15195,-0.066,9.832951
1766162792672,-0.16305001,-0.066,9.847051
1766162792672,-0.15195,-0.043950003,9.82995
1766162792672,-0.14400001,-0.016050002,9.828
1766162792672,-0.15405001,-0.022950001,9.792001
1766162792672,-0.147,-0.010950001,9.78705
1766162792673,-0.14205001,0.015000001,9.77295
1766162792696,-0.135,0.039,9.739051
1766162792696,-0.123,0.036000002,9.736951
1766162792696,-0.12495001,0.052950002,9.72
1766162792696,-0.123,0.051000003,9.715051
1766162792696,-0.11595,0.072000004,9.724951
1766162792696,-0.11805001,0.08895,9.700951
1766162792696,-0.108,0.051000003,9.703051
1766162792696,-0.11595,0.052950002,9.732
1766162792696,-0.120000005,0.034050003,9.74895
1766162792718,-0.12795001,0.034050003,9.736951
1766162792718,-0.147,0.00705,9.77295
1766162792718,-0.147,-0.006,9.7900505
1766162792718,-0.14895001,-0.030000001,9.81105
1766162792718,-0.147,-0.051000003,9.80595
1766162792718,-0.16305001,-0.049050003,9.8230505
1766162792718,-0.15900001,-0.04695,9.8230505
1766162792718,-0.15405001,-0.03705,9.835051
1766162792718,-0.13005,-0.05595,9.849001
1766162792742,-0.120000005,-0.04695,9.8230505
1766162792742,-0.120000005,-0.034950003,9.80595
1766162792742,-0.11100001,-0.01305,9.79695
1766162792742,-0.120000005,0.003,9.77805
1766162792742,-0.11595,0.031050002,9.769951
1766162792742,-0.123,0.04095,9.736951
1766162792742,-0.10395,0.04605,9.739051
1766162792742,-0.112950005,0.052950002,9.72
1766162792742,-0.13005,0.064950004,9.71805
1766162792742,-0.135,0.060000002,9.71805
1766162792763,-0.123,0.060000002,9.74205
1766162792763,-0.120000005,0.048,9.727051
1766162792763,-0.123,0.036000002,9.736951
1766162792763,-0.12495001,0.039,9.75405
1766162792763,-0.135,0.02205,9.74895
1766162792763,-0.13995,0.0,9.77805
1766162792763,-0.15900001,-0.034950003,9.802051
1766162792763,-0.13695,-0.022950001,9.81105
1766162792785,-0.147,-0.034950003,9.816001
1766162792785,-0.15405001,-0.03705,9.828
1766162792785,-0.147,-0.042000003,9.828
1766162792785,-0.147,-0.043950003,9.81105
1766162792785,-0.15405001,-0.043950003,9.826051
1766162792785,-0.132,-0.025050001,9.82995
1766162792785,-0.14205001,-0.016050002,9.79395
1766162792785,-0.123,0.00705,9.77505
1766162792785,-0.11595,0.027,9.76095
1766162792788,-0.123,0.01695,9.74895
1766162792790,-0.11100001,0.034050003,9.736951
1766162792809,-0.108,0.052950002,9.73005
1766162792809,-0.12795001,0.043050002,9.72
1766162792809,-0.12495001,0.034050003,9.706051
1766162792809,-0.12495001,0.039,9.706051
1766162792809,-0.120000005,0.034050003,9.732
1766162792809,-0.14895001,0.027,9.744
1766162792809,-0.14895001,0.015000001,9.76095
1766162792810,-0.14895001,0.003,9.7560005
1766162792812,-0.156,-0.010950001,9.76095
1766162792816,-0.16095,-0.022950001,9.792001
1766162792818,-0.16305001,-0.03195,9.7900505
1766162792820,-0.16095,-0.034950003,9.80595
1766162792822,-0.15900001,-0.027,9.826051
1766162792832,-0.15900001,-0.03195,9.852
1766162792832,-0.12495001,-0.018000001,9.82995
1766162792832,-0.13695,-0.00795,9.792001
1766162792832,-0.132,-0.027,9.769951
1766162792835,-0.12495001,-0.016050002,9.80895
1766162792838,-0.11805001,0.00705,9.78195
1766162792840,-0.12495001,0.00705,9.77805
1766162792864,-0.108,0.028950002,9.76605
1766162792864,-0.12495001,0.010050001,9.76305
1766162792864,-0.135,0.02205,9.736951
1766162792864,-0.135,0.036000002,9.739051
1766162792864,-0.12795001,0.028950002,9.739051
1766162792864,-0.132,0.036000002,9.732
1766162792864,-0.135,0.031050002,9.723001
1766162792864,-0.147,0.028950002,9.74205
1766162792864,-0.132,0.012,9.75105
1766162792868,-0.13995,0.012,9.77505
1766162792868,-0.14400001,0.010050001,9.79695
1766162792870,-0.12795001,-0.00405,9.78495
1766162792872,-0.135,-0.025050001,9.79695
1766162792891,-0.15195,-0.01305,9.80895
1766162792891,-0.14400001,-0.010950001,9.8209505
1766162792891,-0.15405001,-0.043950003,9.828
1766162792891,-0.13695,-0.043950003,9.81105
1766162792891,-0.13995,-0.030000001,9.81105
1766162792891,-0.12795001,-0.030000001,9.804001
1766162792891,-0.14400001,-0.027,9.78495
1766162792892,-0.123,-0.006,9.768001
1766162792895,-0.11595,0.012,9.769951
1766162792897,-0.13005,0.015000001,9.76305
1766162792900,-0.135,0.027,9.739051
1766162792902,-0.12795001,0.01905,9.74205
1766162792905,-0.11100001,0.028950002,9.727051
1766162792929,-0.135,0.028950002,9.74205
1766162792929,-0.13695,0.039,9.723001
1766162792929,-0.108,0.039,9.74205
1766162792929,-0.12795001,0.024,9.76095
1766162792929,-0.135,0.01695,9.757951
1766162792929,-0.13995,-0.0010500001,9.78195
1766162792929,-0.15195,-0.0010500001,9.77805
1766162792929,-0.13695,-0.01995,9.769951
1766162792929,-0.16095,-0.00405,9.7900505
1766162792930,-0.15405001,-0.01995,9.79695
1766162792935,-0.15195,-0.03705,9.79695
1766162792938,-0.13695,-0.027,9.78705
1766162792952,-0.147,-0.022950001,9.78195
1766162792952,-0.147,-0.01995,9.7900505
1766162792952,-0.13995,-0.016050002,9.78705
1766162792952,-0.12495001,-0.00405,9.77805
1766162792952,-0.120000005,0.0,9.769951
1766162792952,-0.11805001,0.0049500004,9.76605
1766162792955,-0.10095,0.012,9.77295
1766162792974,-0.123,0.003,9.747001
1766162792974,-0.11805001,0.028950002,9.7560005
1766162792974,-0.12495001,0.036000002,9.75405
1766162792974,-0.13005,0.027,9.744
1766162792974,-0.132,0.010050001,9.76605
1766162792974,-0.14205001,0.02205,9.76095
1766162792974,-0.16305001,0.01695,9.76605
1766162792997,-0.15405001,0.003,9.77505
1766162792997,-0.15405001,-0.010950001,9.79695
1766162792998,-0.13995,0.0,9.792001
1766162792998,-0.15405001,-0.00405,9.768001
1766162792998,-0.147,-0.01305,9.78195
1766162792998,-0.13695,-0.025050001,9.802051
1766162792998,-0.132,-0.018000001,9.804001
1766162792998,-0.15195,-0.027,9.79695
1766162792998,-0.12795001,-0.01305,9.804001
1766162792998,-0.12795001,-0.016050002,9.802051
1766162793019,-0.132,-0.006,9.78495
1766162793019,-0.120000005,-0.030000001,9.79395
1766162793019,-0.12795001,-0.006,9.79695
1766162793019,-0.11100001,0.00705,9.77805
1766162793019,-0.108,0.015000001,9.76605
1766162793019,-0.11805001,0.010050001,9.76305
1766162793019,-0.12495001,-0.0010500001,9.75405
1766162793019,-0.123,0.024,9.74205
1766162793021,-0.12495001,0.031050002,9.74205
1766162793042,-0.12495001,0.024,9.747001
1766162793042,-0.135,0.00705,9.75405
1766162793042,-0.12795001,0.0049500004,9.735001
1766162793042,-0.14400001,0.01695,9.75405
1766162793042,-0.12795001,0.010050001,9.7560005
1766162793042,-0.120000005,-0.0010500001,9.76305
1766162793042,-0.12795001,-0.00795,9.77505
1766162793042,-0.15900001,0.0,9.76605
1766162793042,-0.16605,-0.00405,9.769951
1766162793064,-0.13695,-0.01995,9.780001
1766162793064,-0.147,-0.01305,9.77505
1766162793064,-0.15405001,-0.0010500001,9.77505
1766162793064,-0.13995,-0.006,9.768001
1766162793064,-0.10095,0.00705,9.7560005
1766162793064,-0.063,0.027,9.75105
1766162793064,-0.075,0.02205,9.736951
1766162793064,-0.112950005,0.028950002,9.72
1766162793091,-0.14400001,0.012,9.744
1766162793091,-0.16605,0.031050002,9.768001
1766162793091,-0.15900001,0.031050002,9.77295
1766162793091,-0.17295001,0.027,9.7900505
1766162793091,-0.13695,0.00705,9.804001
1766162793091,-0.112950005,0.02205,9.78495
1766162793091,-0.079950005,-0.0010500001,9.79695
1766162793091,-0.08205,-0.018000001,9.780001
1766162793091,-0.076950006,-0.04695,9.78495
1766162793091,-0.123,-0.025050001,9.792001
1766162793091,-0.16605,-0.034950003,9.76305
1766162793093,-0.17505,-0.03195,9.780001
1766162793095,-0.19005,-0.0010500001,9.769951
1766162793097,-0.18705001,0.015000001,9.76095
1766162793100,-0.17295001,0.003,9.769951
1766162793102,-0.17505,0.024,9.769951
1766162793105,-0.17295001,0.01695,9.79395
1766162793124,-0.16800001,0.01905,9.77505
1766162793124,-0.147,0.003,9.769951
1766162793124,-0.13005,0.01695,9.75405
1766162793124,-0.108,-0.0010500001,9.74205
1766162793124,-0.079950005,-0.016050002,9.711
1766162793124,-0.076950006,-0.03195,9.67695
1766162793124,-0.076950006,-0.018000001,9.672001
1766162793124,-0.09195001,-0.0010500001,9.691051
1766162793148,-0.08205,-0.01305,9.699
1766162793148,-0.096,-0.006,9.699
1766162793148,-0.11595,0.003,9.691051
1766162793148,-0.11805001,0.00705,9.708
1766162793148,-0.135,-0.006,9.727051
1766162793148,-0.13005,0.0,9.727051
1766162793148,-0.12495001,-0.00405,9.73005
1766162793148,-0.11595,-0.0010500001,9.699
1766162793148,-0.11805001,-0.00405,9.687
1766162793176,-0.12795001,-0.00405,9.694051
1766162793176,-0.112950005,-0.022950001,9.72
1766162793176,-0.135,-0.025050001,9.76095
1766162793176,-0.147,-0.01305,9.802051
1766162793176,-0.13005,0.003,9.832951
1766162793176,-0.11100001,0.01695,9.856951
1766162793176,-0.12495001,0.027,9.876
1766162793176,-0.14895001,0.034050003,9.90495
1766162793176,-0.13005,0.01905,9.900001
1766162793176,-0.11100001,0.028950002,9.865951
1766162793176,-0.10395,0.01905,9.859051
1766162793198,-0.08205,0.010050001,9.835051
1766162793198,-0.11595,0.00705,9.79395
1766162793198,-0.11805001,0.010050001,9.814051
1766162793198,-0.07305,0.012,9.77505
1766162793198,-0.076950006,-0.0010500001,9.747001
1766162793198,-0.09900001,-0.018000001,9.768001
1766162793198,-0.14400001,-0.025050001,9.8209505
1766162793198,-0.11100001,-0.025050001,9.828
1766162793198,-0.11595,-0.034950003,9.828
1766162793200,-0.14895001,-0.030000001,9.804001
1766162793202,-0.15405001,-0.049050003,9.804001
1766162793204,-0.14895001,-0.058950003,9.78495
1766162793207,-0.13005,-0.078,9.79395
1766162793236,-0.135,-0.078,9.7560005
1766162793236,-0.11805001,-0.087000005,9.724951
1766162793236,-0.132,-0.07305,9.7560005
1766162793236,-0.14400001,-0.043950003,9.802051
1766162793236,-0.16095,-0.01305,9.856951
1766162793236,-0.17805001,-0.025050001,9.861
1766162793236,-0.18705001,0.015000001,9.89505
1766162793236,-0.19005,0.01905,9.90705
1766162793236,-0.19005,0.039,9.8880005
1766162793236,-0.18705001,0.036000002,9.871051
1766162793236,-0.18,0.028950002,9.837001
1766162793237,-0.16800001,0.012,9.780001
1766162793257,-0.147,0.00705,9.74205
1766162793257,-0.156,0.00705,9.706051
1766162793257,-0.147,-0.010950001,9.660001
1766162793257,-0.123,-0.03195,9.64605
1766162793257,-0.11100001,-0.039,9.658051
1766162793257,-0.10095,-0.03705,9.64605
1766162793257,-0.09195001,-0.025050001,9.63405
1766162793257,-0.076950006,-0.018000001,9.61995
1766162793282,-0.10395,-0.0010500001,9.61995
1766162793282,-0.11100001,-0.0010500001,9.651
1766162793282,-0.10605001,-0.00795,9.65295
1766162793282,-0.087000005,0.0,9.658051
1766162793282,-0.05595,0.027,9.658051
1766162793282,-0.02205,0.031050002,9.663
1766162793282,-0.015000001,0.01905,9.691051
1766162793282,0.003,0.010050001,9.72
1766162793282,0.01695,-0.01305,9.708
1766162793282,0.01995,-0.025050001,9.739051
1766162793305,-0.0010500001,-0.043950003,9.78495
1766162793305,-0.049050003,-0.042000003,9.814051
1766162793305,-0.064950004,-0.043950003,9.847051
1766162793305,-0.075,-0.06105,9.885
1766162793305,-0.10395,-0.054,9.94305
1766162793305,-0.096,-0.06795,9.97395
1766162793305,-0.09900001,-0.06795,10.005
1766162793305,-0.12495001,-0.063,9.993
1766162793305,-0.120000005,-0.06105,9.97605
1766162793307,-0.12495001,-0.043950003,9.93795
1766162793309,-0.16800001,-0.04695,9.897
1766162793312,-0.17505,-0.027,9.8539505
1766162793314,-0.17805001,-0.016050002,9.826051
1766162793317,-0.14400001,0.003,9.77295
1766162793342,-0.15195,0.015000001,9.74895
1766162793342,-0.16095,0.031050002,9.757951
1766162793342,-0.18495001,0.060000002,9.747001
1766162793342,-0.22305001,0.055050004,9.75105
1766162793342,-0.24000001,0.051000003,9.768001
1766162793342,-0.21900001,0.064950004,9.77505
1766162793342,-0.19695,0.051000003,9.724951
1766162793342,-0.14205001,0.027,9.691051
1766162793342,-0.108,-0.00405,9.64605
1766162793342,-0.112950005,-0.030000001,9.61695
1766162793365,-0.132,-0.043950003,9.651
1766162793365,-0.120000005,-0.058950003,9.682051
1766162793365,-0.096,-0.079950005,9.71805
1766162793365,-0.108,-0.066,9.75105
1766162793365,-0.11805001,-0.06105,9.79905
1766162793365,-0.076950006,-0.058950003,9.84195
1766162793365,-0.05595,-0.049050003,9.849001
1766162793365,-0.06105,-0.039,9.868951
1766162793365,-0.07305,-0.049050003,9.873
1766162793367,-0.087000005,-0.034950003,9.871051
1766162793369,-0.08400001,-0.034950003,9.828
1766162793372,-0.09900001,-0.01995,9.79695
1766162793374,-0.08895,-0.018000001,9.77295
1766162793377,-0.06795,-0.022950001,9.74895
1766162793379,-0.076950006,-0.018000001,9.727051
1766162793382,-0.08400001,-0.0010500001,9.708
1766162793384,-0.09195001,0.00705,9.711
1766162793410,-0.10095,0.0,9.73005
1766162793410,-0.14895001,0.01695,9.735001
1766162793410,-0.16095,0.0049500004,9.736951
1766162793410,-0.18,-0.00795,9.77295
1766162793410,-0.18300001,0.0049500004,9.804001
1766162793410,-0.156,-0.010950001,9.78195
1766162793410,-0.14400001,-0.030000001,9.768001
1766162793410,-0.13695,-0.039,9.780001
1766162793410,-0.12795001,-0.05595,9.76305
1766162793410,-0.11805001,-0.07095,9.76095
1766162793445,-0.108,-0.11100001,9.79395
1766162793445,-0.10395,-0.10395,9.81105
1766162793445,-0.096,-0.08295,9.8539505
1766162793445,-0.079950005,-0.09,9.868951
1766162793445,-0.079950005,-0.09,9.877951
1766162793445,-0.064950004,-0.066,9.900001
1766162793445,-0.09195001,-0.049050003,9.912001
1766162793445,-0.09195001,-0.039,9.885
1766162793445,-0.11805001,-0.027,9.852
1766162793445,-0.135,-0.034950003,9.82995
1766162793445,-0.15900001,-0.030000001,9.780001
1766162793445,-0.15195,-0.018000001,9.74205
1766162793445,-0.14895001,-0.010950001,9.71805
1766162793445,-0.14205001,-0.0010500001,9.71805
1766162793446,-0.132,0.02205,9.727051
1766162793449,-0.10605001,0.02205,9.732
1766162793468,-0.096,0.010050001,9.727051
1766162793468,-0.11595,-0.010950001,9.74205
1766162793468,-0.10605001,-0.00405,9.76095
1766162793468,-0.13995,-0.018000001,9.7560005
1766162793468,-0.16305001,-0.018000001,9.78495
1766162793468,-0.171,-0.043950003,9.837001
1766162793468,-0.17805001,-0.051000003,9.84195
1766162793470,-0.17295001,-0.075,9.861
1766162793472,-0.14895001,-0.109050006,9.877951
1766162793496,-0.13995,-0.102000006,9.900001
1766162793496,-0.11595,-0.11100001,9.865951
1766162793496,-0.07305,-0.123,9.84
1766162793496,-0.04605,-0.11805001,9.837001
1766162793496,-0.028950002,-0.11400001,9.7900505
1766162793496,-0.010050001,-0.09,9.7560005
1766162793496,0.01305,-0.09,9.732
1766162793496,0.028950002,-0.049050003,9.715051
1766162793496,-0.0010500001,-0.03195,9.694051
1766162793496,-0.003,0.003,9.688951
1766162793520,-0.03195,0.031050002,9.67695
1766162793520,-0.03195,0.055050004,9.687
1766162793520,-0.025050001,0.09105001,9.694051
1766162793520,-0.015000001,0.096,9.72
1766162793520,0.015000001,0.108,9.747001
1766162793520,-0.0010500001,0.096,9.757951
1766162793520,0.003,0.052950002,9.74895
1766162793520,-0.0010500001,0.052950002,9.736951
1766162793520,-0.0049500004,0.039,9.736951
1766162793521,-0.01695,0.01905,9.72
1766162793524,-0.043950003,0.00705,9.724951
1766162793527,-0.04605,-0.022950001,9.699
1766162793529,-0.07005,-0.03195,9.706051
1766162793532,-0.08400001,-0.025050001,9.715051
1766162793534,-0.11805001,-0.01305,9.73005
1766162793536,-0.10395,-0.01305,9.75105
1766162793539,-0.123,-0.010950001,9.77505
1766162793552,-0.13005,-0.00405,9.77505
1766162793552,-0.15405001,0.003,9.769951
1766162793552,-0.16800001,0.010050001,9.77505
1766162793552,-0.19695,0.036000002,9.79395
1766162793552,-0.192,0.043050002,9.816001
1766162793554,-0.14895001,0.048,9.8209505
1766162793556,-0.064950004,0.024,9.79695
1766162793559,-0.0049500004,0.0,9.736951
1766162793562,0.006,0.0,9.675
1766162793584,-0.025050001,0.015000001,9.64095
1766162793584,-0.07005,-0.006,9.588
1766162793584,-0.09195001,-0.025050001,9.556951
1766162793584,-0.094050005,-0.034950003,9.568951
1766162793584,-0.11595,-0.016050002,9.627001
1766162793584,-0.13695,-0.01995,9.670051
1766162793584,-0.15405001,-0.016050002,9.715051
1766162793584,-0.18705001,-0.00795,9.757951
1766162793584,-0.18495001,-0.027,9.828
1766162793607,-0.192,-0.04695,9.865951
1766162793607,-0.20400001,-0.07305,9.900001
1766162793607,-0.16095,-0.087000005,9.936001
1766162793607,-0.135,-0.11400001,9.913951
1766162793607,-0.11595,-0.11400001,9.92595
1766162793607,-0.087000005,-0.109050006,9.900001
1766162793607,-0.094050005,-0.102000006,9.859051
1766162793607,-0.11100001,-0.07305,9.835051
1766162793607,-0.11595,-0.042000003,9.816001
1766162793630,-0.11595,-0.010950001,9.78495
1766162793630,-0.135,0.003,9.78705
1766162793630,-0.135,0.04095,9.79695
1766162793630,-0.112950005,0.04605,9.8209505
1766162793630,-0.08400001,0.060000002,9.832951
1766162793630,-0.06105,0.07395,9.837001
1766162793630,-0.04095,0.060000002,9.865951
1766162793630,-0.025050001,0.048,9.859051
1766162793631,-0.058050003,0.043050002,9.814051
1766162793631,-0.087000005,0.024,9.780001
1766162793634,-0.108,-0.00405,9.769951
1766162793636,-0.09900001,-0.03705,9.74205
1766162793639,-0.087000005,-0.066,9.711
1766162793642,-0.087000005,-0.07305,9.688951
1766162793644,-0.112950005,-0.09,9.691051
1766162793646,-0.14895001,-0.07305,9.696
1766162793649,-0.156,-0.063,9.687
1766162793661,-0.16800001,-0.042000003,9.700951
1766162793661,-0.18705001,-0.01305,9.739051
1766162793661,-0.19500001,0.027,9.769951
1766162793661,-0.18300001,0.048,9.792001
1766162793661,-0.15900001,0.072000004,9.76605
1766162793664,-0.13995,0.08205,9.747001
1766162793666,-0.11100001,0.08400001,9.696
1766162793669,-0.11805001,0.079050004,9.687
1766162793671,-0.11595,0.06705,9.67695
1766162793695,-0.096,0.028950002,9.691051
1766162793695,-0.08205,0.003,9.74205
1766162793695,-0.064950004,-0.043950003,9.804001
1766162793695,-0.07005,-0.07305,9.880951
1766162793695,-0.09195001,-0.087000005,9.92595
1766162793695,-0.10095,-0.11100001,9.969001
1766162793695,-0.13995,-0.126,9.969001
1766162793695,-0.14895001,-0.13995,9.972
1766162793695,-0.171,-0.16605,9.936001
1766162793726,-0.15900001,-0.16395001,9.885
1766162793726,-0.14205001,-0.15900001,9.844951
1766162793726,-0.11805001,-0.13995,9.832951
1766162793726,-0.079950005,-0.11100001,9.814051
1766162793726,-0.052950002,-0.09195001,9.79695
1766162793726,-0.076950006,-0.051000003,9.77505
1766162793726,-0.094050005,-0.00405,9.8209505
1766162793726,-0.120000005,0.043050002,9.8209505
1766162793726,-0.11595,0.07395,9.78495
1766162793726,-0.10395,0.10095,9.769951
1766162793726,-0.052950002,0.120000005,9.747001
1766162793726,-0.00795,0.12195001,9.703051
1766162793727,-0.015000001,0.108,9.64095
1766162793729,-0.027,0.10305001,9.580951
1766162793731,-0.034050003,0.07005,9.543
1766162793734,-0.049050003,0.027,9.541051
1766162793759,-0.08400001,-0.0010500001,9.700951
1766162793759,-0.14895001,-0.01305,9.832951
1766162793759,-0.23505001,-0.01305,9.967051
1766162793759,-0.25395,-0.027,10.033951
1766162793759,-0.23505001,-0.049050003,10.054951
1766162793759,-0.21105,-0.07305,10.00695
1766162793759,-0.20205002,-0.087000005,9.94005
1766162793759,-0.22800002,-0.078,9.856951
1766162793759,-0.19695,-0.079950005,9.7900505
1766162793784,-0.108,-0.09705,9.715051
1766162793784,-0.11805001,-0.054,9.663
1766162793784,-0.112950005,-0.025050001,9.62895
1766162793784,-0.08205,-0.00405,9.63195
1766162793784,-0.11805001,0.039,9.61695
1766162793784,-0.079950005,0.052950002,9.58605
1766162793784,-0.063,0.063,9.604951
1766162793784,-0.11595,0.094050005,9.59805
1766162793784,-0.14400001,0.120000005,9.624001
1766162793784,-0.08895,0.09105001,9.65295
1766162793806,-0.09195001,0.07395,9.67695
1766162793806,-0.076950006,0.058050003,9.711
1766162793806,-0.11100001,0.024,9.76305
1766162793806,-0.171,0.012,9.804001
1766162793806,-0.14400001,-0.03705,9.832951
1766162793806,-0.135,-0.07305,9.8539505
1766162793806,-0.13995,-0.078,9.89505
1766162793806,-0.096,-0.11805001,9.96
1766162793806,-0.10605001,-0.16905001,9.95205
1766162793808,-0.120000005,-0.147,9.91905
1766162793811,-0.13695,-0.13005,9.916051
1766162793813,-0.13995,-0.10395,9.876
1766162793816,-0.15405001,-0.09195001,9.828
1766162793819,-0.14895001,-0.05595,9.79695
1766162793821,-0.120000005,-0.03195,9.77805
1766162793824,-0.108,0.024,9.74205
1766162793826,-0.10095,0.058050003,9.736951
1766162793839,-0.052950002,0.07395,9.694051
1766162793839,-0.052950002,0.076950006,9.670051
1766162793839,-0.03195,0.07005,9.64605
1766162793839,-0.03195,0.052950002,9.60795
1766162793839,-0.058050003,0.043050002,9.615001
1766162793841,-0.06795,0.028950002,9.61695
1766162793844,-0.087000005,0.0049500004,9.60795
1766162793846,-0.09195001,-0.022950001,9.64605
1766162793865,-0.09900001,-0.054,9.700951
1766162793865,-0.11100001,-0.049050003,9.735001
1766162793865,-0.11805001,-0.04695,9.78495
1766162793865,-0.112950005,-0.054,9.81795
1766162793865,-0.14400001,-0.07095,9.8539505
1766162793865,-0.17295001,-0.054,9.864
1766162793865,-0.216,-0.03705,9.873
1766162793867,-0.22305001,-0.039,9.880951
1766162793869,-0.21405001,-0.042000003,9.8880005
1766162793890,-0.18495001,-0.010950001,9.901951
1766162793890,-0.19005,0.0049500004,9.885
1766162793890,-0.16800001,0.024,9.868951
1766162793890,-0.15195,0.028950002,9.8209505
1766162793890,-0.10395,0.02205,9.74895
1766162793890,-0.063,0.034050003,9.708
1766162793890,-0.034050003,0.010050001,9.682051
1766162793891,-0.052950002,0.012,9.660001
1766162793891,-0.03195,-0.006,9.651
1766162793919,-0.06105,-0.016050002,9.655951
1766162793919,-0.058050003,-0.022950001,9.67695
1766162793919,-0.08895,-0.01995,9.715051
1766162793919,-0.135,-0.034950003,9.75105
1766162793919,-0.15195,-0.06795,9.82995
1766162793919,-0.16095,-0.079950005,9.909
1766162793919,-0.15195,-0.078,9.93795
1766162793919,-0.123,-0.07095,9.909
1766162793919,-0.075,-0.09,9.880951
1766162793919,-0.079950005,-0.09705,9.832951
1766162793919,-0.07005,-0.109050006,9.79695
1766162793921,-0.087000005,-0.09,9.792001
1766162793924,-0.156,-0.04695,9.79695
1766162793926,-0.20700002,0.01905,9.84195
1766162793928,-0.231,0.058050003,9.84195
1766162793931,-0.22095,0.08895,9.861
1766162793933,-0.22605,0.12195001,9.8230505
1766162793936,-0.18705001,0.15300001,9.75105
1766162793951,-0.132,0.12705001,9.712951
1766162793951,-0.09900001,0.10095,9.655951
1766162793951,-0.076950006,0.08205,9.58605
1766162793951,-0.052950002,0.048,9.52095
1766162793951,-0.039,0.010050001,9.46395
1766162793953,-0.049050003,-0.0010500001,9.45705
1766162793954,-0.034050003,-0.025050001,9.5119505
1766162793956,-0.052950002,-0.034950003,9.588
1766162793958,-0.063,-0.06795,9.696
1766162793976,-0.11100001,-0.07305,9.780001
1766162793976,-0.18,-0.066,9.826051
1766162793976,-0.22305001,-0.042000003,9.856951
1766162793976,-0.20205002,-0.04695,9.861
1766162793976,-0.16605,-0.042000003,9.856951
1766162793976,-0.132,-0.04695,9.835051
1766162793976,-0.16605,-0.051000003,9.804001
1766162793978,-0.14895001,-0.03195,9.757951
1766162793981,-0.13695,-0.054,9.696
1766162794003,-0.135,-0.042000003,9.639001
1766162794003,-0.11100001,-0.054,9.61995
1766162794003,-0.10395,-0.030000001,9.63195
1766162794003,-0.171,0.02205,9.658051
1766162794003,-0.192,0.043050002,9.696
1766162794003,-0.16305001,0.039,9.688951
1766162794003,-0.108,0.031050002,9.684
1766162794003,-0.10095,-0.006,9.73005
1766162794007,-0.11100001,-0.022950001,9.8230505
1766162794007,-0.15195,-0.027,9.844951
1766162794008,-0.17805001,-0.06795,9.89295
1766162794011,-0.156,-0.094950005,9.89505
1766162794013,-0.13695,-0.11805001,9.885
1766162794016,-0.08895,-0.15405001,9.877951
1766162794018,-0.04095,-0.13800001,9.90495
1766162794020,-0.01995,-0.13800001,9.936001
1766162794023,-0.025050001,-0.11100001,9.945001
1766162794050,-0.052950002,-0.09900001,9.916051
1766162794051,-0.08205,-0.075,9.880951
1766162794051,-0.120000005,-0.03705,9.804001
1766162794051,-0.16305001,-0.006,9.723001
1766162794051,-0.17505,0.024,9.663
1766162794051,-0.19005,0.034050003,9.59595
1766162794051,-0.15900001,0.048,9.529051
1766162794051,-0.094050005,0.051000003,9.505051
1766162794051,-0.06105,0.04095,9.4810505
1766162794051,-0.09900001,0.028950002,9.486
1766162794051,-0.156,0.012,9.541051
1766162794075,-0.19905001,-0.00795,9.550051
1766162794075,-0.26895002,-0.039,9.555
1766162794075,-0.33795002,-0.09,9.562051
1766162794075,-0.384,-0.102000006,9.57705
1766162794075,-0.41205,-0.14505,9.6
1766162794075,-0.45795003,-0.19305001,9.636001
1766162794075,-0.45105,-0.231,9.648001
1766162794075,-0.43905002,-0.26700002,9.682051
1766162794075,-0.43605003,-0.28395,9.696
1766162794100,-0.42705002,-0.32205,9.75105
1766162794100,-0.39105,-0.31995,9.78705
1766162794100,-0.36705002,-0.32895002,9.826051
1766162794100,-0.29805002,-0.34095,9.877951
1766162794100,-0.252,-0.34395,9.900001
1766162794100,-0.20400001,-0.351,9.93105
1766162794100,-0.112950005,-0.351,9.94005
1766162794100,-0.051000003,-0.34095,9.94005
1766162794100,-0.01305,-0.33405003,9.95205
1766162794100,0.04605,-0.31695002,9.95205
1766162794123,0.087000005,-0.30795002,9.95505
1766162794123,0.12495001,-0.279,9.993
1766162794123,0.12495001,-0.279,9.984
1766162794123,0.12795001,-0.25005,9.97395
1766162794123,0.147,-0.22905001,9.95205
1766162794123,0.16395001,-0.22395001,9.94005
1766162794123,0.216,-0.17400001,9.885
1766162794123,0.264,-0.17400001,9.871051
1766162794123,0.27795002,-0.13800001,9.852
1766162794125,0.34500003,-0.063,9.826051
1766162794126,0.40305,0.015000001,9.8230505
1766162794128,0.45795003,0.064950004,9.79695
1766162794131,0.48000002,0.120000005,9.768001
1766162794133,0.48705003,0.18195,9.757951
1766162794160,0.48900002,0.19905001,9.757951
1766162794160,0.48195,0.24195,9.76095
1766162794160,0.453,0.27795002,9.736951
1766162794160,0.42705002,0.3,9.757951
1766162794160,0.39105,0.32295,9.77295
1766162794160,0.35505003,0.34005,9.80895
1766162794160,0.32895002,0.31605002,9.826051
1766162794160,0.32205,0.28800002,9.78195
1766162794160,0.33105,0.24405001,9.711
1766162794160,0.33405003,0.18495001,9.64605
1766162794162,0.32205,0.094050005,9.62205
1766162794185,0.28995,0.027,9.612
1766162794185,0.24000001,-0.034950003,9.660001
1766162794185,0.17295001,-0.09,9.76095
1766162794185,0.10395,-0.16605,9.84
1766162794185,0.034050003,-0.20205002,9.936001
1766162794185,-0.028950002,-0.23595001,10.012051
1766162794185,-0.07305,-0.24795002,10.09395
1766162794185,-0.13005,-0.23805001,10.134001
1766162794185,-0.14400001,-0.231,10.129951
1766162794207,-0.12795001,-0.21195,10.086
1766162794207,-0.07005,-0.14505,10.024051
1766162794207,0.010050001,-0.09900001,9.95205
1766162794207,0.08895,-0.049050003,9.871051
1766162794207,0.17295001,0.0049500004,9.8209505
1766162794207,0.23295002,0.07395,9.77505
1766162794207,0.28095,0.11805001,9.723001
1766162794207,0.324,0.156,9.672001
1766162794207,0.36195,0.19695,9.651
1766162794233,0.36195,0.201,9.612
1766162794233,0.35505003,0.22095,9.56505
1766162794233,0.32205,0.21795002,9.50895
1766162794233,0.264,0.16305001,9.507001
1766162794233,0.21405001,0.112950005,9.483001
1766162794233,0.17295001,0.012,9.4810505
1766162794233,0.156,-0.043950003,9.495001
1766162794233,0.135,-0.10605001,9.556951
1766162794233,0.120000005,-0.17400001,9.63195
1766162794233,0.120000005,-0.22095,9.715051
1766162794235,0.14205001,-0.25500003,9.81105
1766162794236,0.16800001,-0.27195,9.880951
1766162794238,0.171,-0.303,9.92805
1766162794240,0.16605,-0.31695002,10.00695
1766162794243,0.17805001,-0.33195,10.065001
1766162794268,0.18300001,-0.33195,10.06005
1766162794268,0.19905001,-0.303,10.065001
1766162794268,0.231,-0.279,10.02705
1766162794268,0.27105,-0.21900001,9.984
1766162794268,0.312,-0.14505,9.91905
1766162794268,0.28800002,-0.07095,9.81105
1766162794268,0.264,-0.00795,9.706051
1766162794268,0.22095,0.027,9.636001
1766162794268,0.20205002,0.072000004,9.615001
1766162794268,0.18495001,0.094050005,9.60795
1766162794293,0.192,0.079050004,9.63405
1766162794293,0.21900001,0.08205,9.63405
1766162794293,0.23295002,0.06705,9.64605
1766162794293,0.25005,0.052950002,9.636001
1766162794293,0.25395,0.04095,9.61995
1766162794293,0.21900001,0.024,9.59595
1766162794293,0.14400001,0.010050001,9.59805
1766162794293,0.108,-0.010950001,9.603001
1766162794293,0.09195001,-0.025050001,9.61695
1766162794293,0.09900001,-0.030000001,9.660001
1766162794323,0.11595,-0.066,9.700951
1766162794323,0.120000005,-0.102000006,9.744
1766162794323,0.132,-0.13800001,9.780001
1766162794323,0.14205001,-0.17595,9.8230505
1766162794323,0.13005,-0.23295002,9.859051
1766162794323,0.12795001,-0.29295,9.90705
1766162794323,0.10605001,-0.32700002,9.93795
1766162794323,0.112950005,-0.34605002,9.972
1766162794323,0.10605001,-0.37695003,9.96405
1766162794323,0.123,-0.39900002,9.95505
1766162794323,0.147,-0.38895002,9.93105
1766162794323,0.16095,-0.35805002,9.868951
1766162794325,0.156,-0.3,9.8230505
1766162794328,0.18300001,-0.25005,9.792001
1766162794330,0.19905001,-0.17805001,9.75405
1766162794333,0.22305001,-0.09705,9.768001
1766162794335,0.24705002,-0.018000001,9.76605
1766162794338,0.27600002,0.036000002,9.747001
1766162794365,0.30705002,0.10095,9.71805
1766162794365,0.31695002,0.11505,9.691051
1766162794365,0.35295,0.120000005,9.67905
1766162794365,0.372,0.10605001,9.66495
1766162794365,0.384,0.072000004,9.675
1766162794365,0.384,0.034050003,9.694051
1766162794366,0.36,-0.039,9.687
1766162794366,0.324,-0.066,9.706051
1766162794366,0.26595002,-0.10395,9.724951
1766162794366,0.22800002,-0.13005,9.736951
1766162794366,0.14895001,-0.16395001,9.732
1766162794391,0.10095,-0.17400001,9.739051
1766162794391,0.058050003,-0.18105,9.747001
1766162794391,0.04605,-0.17595,9.715051
1766162794391,0.049050003,-0.18795002,9.696
1766162794391,0.063,-0.16605,9.684
1766162794391,0.08895,-0.14205001,9.660001
1766162794391,0.11100001,-0.102000006,9.663
1766162794391,0.147,-0.075,9.65295
1766162794391,0.12795001,-0.051000003,9.66705
1766162794391,0.14400001,-0.043950003,9.684
1766162794393,0.13995,-0.01995,9.684
1766162794414,0.147,-0.010950001,9.699
1766162794414,0.147,0.0,9.663
1766162794414,0.16095,0.0,9.61995
1766162794414,0.16800001,0.01905,9.567
1766162794415,0.027,0.043050002,8.32905
1766162794415,1.14495,-0.47805002,-2.35305
1766162794415,5.65605,-1.84695,-8.06805
1766162794415,5.19105,-1.8970501,-0.837
1766162794439,1.36995,-0.94905007,7.21605
1766162794439,-1.9900501,0.079050004,12.307951
1766162794439,-3.3049502,0.72795004,14.940001
1766162794439,-3.00795,0.9480001,15.31095
1766162794439,-1.746,0.88605005,14.458051
1766162794439,-0.372,0.66795003,13.584001
1766162794439,0.51495004,0.49305,13.170001
1766162794439,0.82005006,0.393,13.012051
1766162794439,0.67605,0.321,12.793951
1766162794439,0.27405003,0.24195,12.535951
1766162794465,-0.192,0.07005,12.346951
1766162794465,-0.58500004,-0.13800001,12.17205
1766162794465,-0.906,-0.35295,12.019051
1766162794465,-1.143,-0.54,11.892
1766162794465,-1.2790501,-0.657,11.779051
1766162794465,-1.3609501,-0.70500004,11.49705
1766162794465,-1.3579501,-0.67200005,11.140051
1766162794465,-1.296,-0.56895,10.861951
1766162794465,-1.2379501,-0.43395,10.70895
1766162794465,-1.176,-0.28605002,10.627951
1766162794467,-1.1209501,-0.19500001,10.56795
1766162794468,-1.023,-0.11805001,10.599001
1766162794470,-0.87900007,-0.04695,10.668
1766162794473,-0.64695,0.0,10.684951
1766162794475,-0.39795002,0.00705,10.639951
